Transaction_ID,Customer_ID,Transaction_Date,Transaction_Type,Merchant,Category,Amount,Payment_Mode,Transaction_Status,Location,Year,Month,Day
1,103,2025-01-01,ATM,BestBuy,Dining,360.1,Credit Card,Pending,San Francisco,2025,1,1
2,271,2025-01-01,Online,eBay,Travel,357.02,Credit Card,Declined,Chicago,2025,1,1
3,107,2025-01-01,ATM,Amazon,Entertainment,829.41,Credit Card,Pending,Chicago,2025,1,1
4,72,2025-01-01,POS,Amazon,Groceries,790.35,Credit Card,Pending,Los Angeles,2025,1,1
5,189,2025-01-01,ATM,Amazon,Clothing,311.26,Credit Card,Declined,San Francisco,2025,1,1
6,21,2025-01-01,ATM,Walmart,Dining,914.22,Credit Card,Declined,Los Angeles,2025,1,1
7,103,2025-01-01,Online,Costco,Groceries,953.05,Debit Card,Pending,San Francisco,2025,1,1
8,122,2025-01-01,POS,eBay,Groceries,330.11,Debit Card,Declined,Miami,2025,1,1
9,215,2025-01-01,ATM,Costco,Groceries,357.65,Credit Card,Approved,Los Angeles,2025,1,1
10,88,2025-01-01,POS,Walmart,Groceries,508.11,Debit Card,Declined,Los Angeles,2025,1,1
11,100,2025-01-01,ATM,Walmart,Travel,941.42,Debit Card,Declined,Los Angeles,2025,1,1
12,152,2025-01-01,ATM,Expedia,Entertainment,876.94,Credit Card,Approved,Seattle,2025,1,1
13,131,2025-01-01,POS,BestBuy,Health,107.06,Credit Card,Declined,Houston,2025,1,1
14,150,2025-01-01,ATM,BestBuy,Travel,395.77,Debit Card,Declined,Los Angeles,2025,1,1
15,258,2025-01-01,POS,Target,Travel,555.6,Credit Card,Pending,New York,2025,1,1
16,294,2025-01-01,ATM,Walmart,Dining,505.62,Debit Card,Declined,New York,2025,1,1
17,192,2025-01-01,Online,eBay,Dining,197.89,Credit Card,Declined,San Francisco,2025,1,1
18,277,2025-01-01,POS,Expedia,Entertainment,859.52,Debit Card,Approved,Miami,2025,1,1
19,161,2025-01-01,ATM,Expedia,Health,678.56,Debit Card,Pending,Houston,2025,1,1
20,22,2025-01-01,ATM,Costco,Dining,838.72,Debit Card,Pending,Seattle,2025,1,1
21,253,2025-01-01,Online,BestBuy,Entertainment,859.47,Debit Card,Pending,San Francisco,2025,1,1
22,236,2025-01-01,POS,Walmart,Entertainment,749.61,Credit Card,Declined,New York,2025,1,1
23,49,2025-01-01,ATM,Target,Electronics,442.01,Credit Card,Pending,Houston,2025,1,1
24,59,2025-01-01,Online,Walmart,Health,612.49,Debit Card,Approved,Houston,2025,1,1
25,170,2025-01-02,ATM,Costco,Dining,164.56,Debit Card,Pending,Miami,2025,1,2
26,188,2025-01-02,POS,Amazon,Health,675.28,Credit Card,Approved,Houston,2025,1,2
27,271,2025-01-02,ATM,Walmart,Travel,183.36,Credit Card,Pending,Los Angeles,2025,1,2
28,190,2025-01-02,ATM,Costco,Travel,695.48,Debit Card,Pending,Houston,2025,1,2
29,175,2025-01-02,ATM,Amazon,Health,233.45,Debit Card,Approved,Miami,2025,1,2
30,51,2025-01-02,ATM,Amazon,Electronics,121.96,Debit Card,Pending,San Francisco,2025,1,2
31,55,2025-01-02,Online,Target,Electronics,169.46,Debit Card,Pending,Miami,2025,1,2
32,244,2025-01-02,Online,eBay,Health,6.98,Debit Card,Pending,Seattle,2025,1,2
33,131,2025-01-02,POS,BestBuy,Dining,720.15,Credit Card,Declined,Miami,2025,1,2
34,135,2025-01-02,Online,Walmart,Clothing,733.74,Debit Card,Approved,New York,2025,1,2
35,21,2025-01-02,Online,Amazon,Electronics,517.36,Credit Card,Pending,Los Angeles,2025,1,2
36,167,2025-01-02,POS,Walmart,Groceries,165.56,Credit Card,Approved,New York,2025,1,2
37,274,2025-01-02,Online,eBay,Travel,88.14,Credit Card,Approved,San Francisco,2025,1,2
38,89,2025-01-02,Online,BestBuy,Health,24.03,Debit Card,Approved,Chicago,2025,1,2
39,14,2025-01-02,POS,eBay,Groceries,169.92,Credit Card,Pending,San Francisco,2025,1,2
40,242,2025-01-02,POS,BestBuy,Health,891.4,Credit Card,Pending,Los Angeles,2025,1,2
41,265,2025-01-02,POS,Expedia,Entertainment,245.33,Credit Card,Approved,Houston,2025,1,2
42,53,2025-01-02,ATM,BestBuy,Travel,357.5,Credit Card,Declined,Miami,2025,1,2
43,92,2025-01-02,ATM,Target,Travel,109.82,Debit Card,Approved,Chicago,2025,1,2
44,264,2025-01-02,POS,eBay,Electronics,226.25,Debit Card,Declined,Los Angeles,2025,1,2
45,35,2025-01-02,POS,Amazon,Electronics,521.63,Credit Card,Approved,New York,2025,1,2
46,206,2025-01-02,POS,Expedia,Groceries,609.71,Credit Card,Approved,Miami,2025,1,2
47,81,2025-01-02,ATM,Target,Entertainment,249.13,Debit Card,Approved,San Francisco,2025,1,2
48,50,2025-01-02,ATM,Walmart,Health,62.44,Debit Card,Pending,New York,2025,1,2
49,2,2025-01-03,Online,eBay,Entertainment,394.08,Debit Card,Declined,Los Angeles,2025,1,3
50,54,2025-01-03,Online,Costco,Travel,238.03,Credit Card,Declined,Los Angeles,2025,1,3
51,106,2025-01-03,POS,Costco,Groceries,223.46,Debit Card,Approved,San Francisco,2025,1,3
52,260,2025-01-03,ATM,Amazon,Clothing,960.06,Credit Card,Pending,Chicago,2025,1,3
53,191,2025-01-03,ATM,BestBuy,Groceries,618.22,Credit Card,Pending,San Francisco,2025,1,3
54,218,2025-01-03,ATM,Amazon,Dining,559.09,Debit Card,Declined,Houston,2025,1,3
55,44,2025-01-03,POS,Costco,Groceries,418.7,Credit Card,Pending,New York,2025,1,3
56,162,2025-01-03,Online,Walmart,Entertainment,431.8,Debit Card,Declined,Chicago,2025,1,3
57,202,2025-01-03,POS,Expedia,Dining,543.2,Credit Card,Declined,Miami,2025,1,3
58,270,2025-01-03,Online,Expedia,Dining,697.95,Debit Card,Declined,Seattle,2025,1,3
59,271,2025-01-03,Online,eBay,Dining,703.64,Credit Card,Pending,Houston,2025,1,3
60,215,2025-01-03,POS,Expedia,Clothing,175.84,Credit Card,Declined,Chicago,2025,1,3
61,252,2025-01-03,Online,eBay,Groceries,502.61,Debit Card,Declined,Seattle,2025,1,3
62,190,2025-01-03,Online,eBay,Entertainment,414.9,Debit Card,Approved,Seattle,2025,1,3
63,296,2025-01-03,ATM,eBay,Groceries,871.17,Debit Card,Declined,New York,2025,1,3
64,213,2025-01-03,Online,Costco,Clothing,633.26,Debit Card,Declined,Los Angeles,2025,1,3
65,208,2025-01-03,POS,Costco,Travel,534.84,Credit Card,Approved,Miami,2025,1,3
66,237,2025-01-03,POS,BestBuy,Electronics,119.82,Debit Card,Approved,San Francisco,2025,1,3
67,53,2025-01-03,Online,Target,Entertainment,607.61,Debit Card,Pending,New York,2025,1,3
68,280,2025-01-03,ATM,eBay,Entertainment,121.62,Credit Card,Declined,Houston,2025,1,3
69,217,2025-01-03,ATM,eBay,Groceries,340.52,Debit Card,Pending,Seattle,2025,1,3
70,252,2025-01-03,Online,Target,Electronics,147.13,Debit Card,Pending,Houston,2025,1,3
71,188,2025-01-03,Online,Amazon,Health,693.61,Credit Card,Approved,Seattle,2025,1,3
72,41,2025-01-03,POS,eBay,Health,210.22,Debit Card,Pending,Los Angeles,2025,1,3
73,157,2025-01-04,Online,BestBuy,Clothing,394.9,Debit Card,Declined,Los Angeles,2025,1,4
74,15,2025-01-04,ATM,Expedia,Health,896.2,Debit Card,Approved,Miami,2025,1,4
75,65,2025-01-04,Online,Expedia,Entertainment,208.29,Debit Card,Declined,San Francisco,2025,1,4
76,9,2025-01-04,POS,Walmart,Health,510.27,Debit Card,Declined,Miami,2025,1,4
77,129,2025-01-04,POS,Walmart,Travel,422.18,Debit Card,Approved,Los Angeles,2025,1,4
78,136,2025-01-04,POS,Expedia,Travel,23.03,Credit Card,Declined,Los Angeles,2025,1,4
79,63,2025-01-04,POS,Expedia,Travel,793.79,Debit Card,Approved,Houston,2025,1,4
80,139,2025-01-04,POS,Costco,Health,73.7,Credit Card,Declined,Los Angeles,2025,1,4
81,81,2025-01-04,Online,BestBuy,Clothing,476.88,Credit Card,Approved,Chicago,2025,1,4
82,163,2025-01-04,Online,Target,Dining,562.87,Credit Card,Pending,Seattle,2025,1,4
83,289,2025-01-04,Online,Walmart,Dining,630.28,Credit Card,Declined,New York,2025,1,4
84,261,2025-01-04,Online,Costco,Electronics,690.19,Debit Card,Approved,Los Angeles,2025,1,4
85,231,2025-01-04,POS,Costco,Dining,257.01,Debit Card,Declined,Miami,2025,1,4
86,41,2025-01-04,ATM,Target,Dining,14.93,Debit Card,Declined,San Francisco,2025,1,4
87,28,2025-01-04,Online,Costco,Travel,724.83,Credit Card,Declined,Seattle,2025,1,4
88,135,2025-01-04,ATM,BestBuy,Travel,537.98,Debit Card,Approved,Seattle,2025,1,4
89,201,2025-01-04,Online,Expedia,Health,836.94,Debit Card,Pending,San Francisco,2025,1,4
90,268,2025-01-04,Online,eBay,Electronics,822.28,Debit Card,Pending,San Francisco,2025,1,4
91,33,2025-01-04,ATM,Target,Groceries,844.11,Credit Card,Pending,Seattle,2025,1,4
92,48,2025-01-04,POS,Expedia,Entertainment,487.67,Credit Card,Approved,Chicago,2025,1,4
93,62,2025-01-04,Online,Expedia,Electronics,336.96,Debit Card,Pending,Miami,2025,1,4
94,216,2025-01-04,Online,Amazon,Electronics,792.6,Credit Card,Approved,Chicago,2025,1,4
95,293,2025-01-04,Online,Target,Clothing,454.04,Credit Card,Declined,Los Angeles,2025,1,4
96,99,2025-01-04,ATM,Costco,Health,187.52,Debit Card,Declined,New York,2025,1,4
97,172,2025-01-05,POS,eBay,Clothing,855.7,Credit Card,Pending,San Francisco,2025,1,5
98,214,2025-01-05,ATM,Target,Electronics,883.15,Credit Card,Approved,Miami,2025,1,5
99,35,2025-01-05,ATM,Costco,Electronics,468.98,Debit Card,Declined,San Francisco,2025,1,5
100,227,2025-01-05,POS,Expedia,Electronics,80.32,Credit Card,Approved,Chicago,2025,1,5
101,101,2025-01-05,ATM,eBay,Dining,390.89,Credit Card,Approved,Houston,2025,1,5
102,131,2025-01-05,POS,Costco,Entertainment,804.52,Credit Card,Declined,Los Angeles,2025,1,5
103,257,2025-01-05,Online,BestBuy,Entertainment,902.27,Credit Card,Approved,New York,2025,1,5
104,5,2025-01-05,POS,Costco,Clothing,207.46,Credit Card,Declined,Los Angeles,2025,1,5
105,218,2025-01-05,Online,Amazon,Electronics,71.64,Credit Card,Declined,Houston,2025,1,5
106,255,2025-01-05,ATM,Expedia,Entertainment,877.96,Credit Card,Declined,New York,2025,1,5
107,283,2025-01-05,ATM,Costco,Travel,392.46,Credit Card,Approved,Houston,2025,1,5
108,207,2025-01-05,Online,Walmart,Entertainment,544.05,Debit Card,Declined,Los Angeles,2025,1,5
109,15,2025-01-05,ATM,Walmart,Health,968.23,Debit Card,Approved,Chicago,2025,1,5
110,42,2025-01-05,POS,Amazon,Health,71.23,Debit Card,Declined,Seattle,2025,1,5
111,179,2025-01-05,Online,BestBuy,Entertainment,650.08,Debit Card,Declined,Los Angeles,2025,1,5
112,63,2025-01-05,ATM,Expedia,Travel,78.73,Credit Card,Pending,Los Angeles,2025,1,5
113,231,2025-01-05,Online,Target,Health,378.59,Debit Card,Pending,Los Angeles,2025,1,5
114,241,2025-01-05,POS,Amazon,Dining,804.8,Debit Card,Pending,Miami,2025,1,5
115,52,2025-01-05,POS,BestBuy,Entertainment,436.3,Credit Card,Approved,Houston,2025,1,5
116,96,2025-01-05,ATM,Target,Dining,997.2,Credit Card,Approved,Houston,2025,1,5
117,222,2025-01-05,POS,Walmart,Entertainment,561.26,Credit Card,Declined,San Francisco,2025,1,5
118,231,2025-01-05,Online,Walmart,Groceries,324.56,Credit Card,Declined,Houston,2025,1,5
119,237,2025-01-05,POS,Target,Groceries,224.01,Credit Card,Declined,San Francisco,2025,1,5
120,143,2025-01-05,Online,Amazon,Groceries,353.77,Debit Card,Declined,Miami,2025,1,5
121,171,2025-01-06,Online,Walmart,Health,375.67,Credit Card,Approved,Chicago,2025,1,6
122,29,2025-01-06,POS,Expedia,Dining,73.37,Debit Card,Declined,San Francisco,2025,1,6
123,36,2025-01-06,ATM,eBay,Dining,372.73,Debit Card,Declined,Los Angeles,2025,1,6
124,13,2025-01-06,POS,Costco,Dining,466.92,Credit Card,Pending,Chicago,2025,1,6
125,160,2025-01-06,Online,Target,Travel,724.12,Debit Card,Declined,Seattle,2025,1,6
126,187,2025-01-06,Online,Target,Dining,658.45,Debit Card,Declined,Miami,2025,1,6
127,243,2025-01-06,POS,Walmart,Travel,710.22,Credit Card,Declined,Houston,2025,1,6
128,86,2025-01-06,ATM,Amazon,Groceries,13.32,Debit Card,Approved,San Francisco,2025,1,6
129,284,2025-01-06,ATM,Expedia,Groceries,221.58,Debit Card,Pending,Los Angeles,2025,1,6
130,66,2025-01-06,Online,Amazon,Health,663.38,Debit Card,Declined,New York,2025,1,6
131,170,2025-01-06,Online,BestBuy,Entertainment,486.57,Credit Card,Declined,Seattle,2025,1,6
132,45,2025-01-06,ATM,BestBuy,Groceries,10.29,Credit Card,Pending,New York,2025,1,6
133,62,2025-01-06,POS,eBay,Entertainment,805.47,Credit Card,Declined,Chicago,2025,1,6
134,134,2025-01-06,Online,Walmart,Entertainment,773.95,Debit Card,Approved,Houston,2025,1,6
135,284,2025-01-06,Online,Walmart,Health,550.68,Credit Card,Declined,New York,2025,1,6
136,28,2025-01-06,ATM,Walmart,Electronics,71.13,Debit Card,Approved,Chicago,2025,1,6
137,108,2025-01-06,POS,eBay,Electronics,767.68,Credit Card,Approved,Miami,2025,1,6
138,44,2025-01-06,ATM,BestBuy,Clothing,585.8,Debit Card,Declined,Chicago,2025,1,6
139,286,2025-01-06,POS,Amazon,Health,783.05,Credit Card,Pending,Seattle,2025,1,6
140,128,2025-01-06,POS,eBay,Clothing,752.99,Credit Card,Approved,Chicago,2025,1,6
141,231,2025-01-06,POS,eBay,Clothing,803.99,Debit Card,Pending,Seattle,2025,1,6
142,190,2025-01-06,Online,Amazon,Electronics,520.42,Credit Card,Declined,Chicago,2025,1,6
143,225,2025-01-06,ATM,Walmart,Health,144.62,Debit Card,Approved,Los Angeles,2025,1,6
144,283,2025-01-06,ATM,Expedia,Electronics,672.8,Credit Card,Declined,Chicago,2025,1,6
145,121,2025-01-07,POS,Amazon,Clothing,622.37,Credit Card,Pending,San Francisco,2025,1,7
146,116,2025-01-07,Online,BestBuy,Health,743.54,Debit Card,Declined,Chicago,2025,1,7
147,233,2025-01-07,Online,Target,Clothing,174.03,Debit Card,Declined,Los Angeles,2025,1,7
148,259,2025-01-07,ATM,Target,Dining,199.0,Debit Card,Approved,Los Angeles,2025,1,7
149,198,2025-01-07,Online,Costco,Entertainment,890.96,Credit Card,Declined,Miami,2025,1,7
150,137,2025-01-07,Online,Costco,Health,751.23,Debit Card,Declined,Seattle,2025,1,7
151,165,2025-01-07,POS,eBay,Health,908.69,Credit Card,Declined,Houston,2025,1,7
152,225,2025-01-07,Online,Target,Entertainment,759.92,Debit Card,Approved,New York,2025,1,7
153,234,2025-01-07,POS,Expedia,Clothing,599.17,Debit Card,Pending,New York,2025,1,7
154,172,2025-01-07,ATM,Walmart,Dining,655.86,Debit Card,Pending,Chicago,2025,1,7
155,152,2025-01-07,Online,BestBuy,Travel,889.68,Debit Card,Declined,Miami,2025,1,7
156,160,2025-01-07,ATM,Costco,Entertainment,580.91,Debit Card,Approved,Chicago,2025,1,7
157,96,2025-01-07,ATM,Expedia,Electronics,634.23,Debit Card,Declined,New York,2025,1,7
158,233,2025-01-07,Online,BestBuy,Clothing,160.69,Credit Card,Pending,Seattle,2025,1,7
159,180,2025-01-07,Online,BestBuy,Entertainment,476.55,Debit Card,Approved,Seattle,2025,1,7
160,113,2025-01-07,ATM,Walmart,Entertainment,717.82,Credit Card,Pending,Seattle,2025,1,7
161,52,2025-01-07,Online,eBay,Health,274.59,Debit Card,Pending,Los Angeles,2025,1,7
162,268,2025-01-07,POS,Target,Electronics,206.24,Debit Card,Approved,Houston,2025,1,7
163,295,2025-01-07,POS,Walmart,Electronics,317.26,Debit Card,Approved,Miami,2025,1,7
164,113,2025-01-07,Online,Expedia,Electronics,245.29,Credit Card,Declined,Los Angeles,2025,1,7
165,101,2025-01-07,ATM,eBay,Entertainment,218.84,Credit Card,Declined,Houston,2025,1,7
166,113,2025-01-07,Online,Expedia,Travel,427.73,Debit Card,Pending,Miami,2025,1,7
167,81,2025-01-07,Online,eBay,Groceries,908.3,Credit Card,Approved,Miami,2025,1,7
168,187,2025-01-07,ATM,Costco,Clothing,509.52,Debit Card,Approved,New York,2025,1,7
169,113,2025-01-08,ATM,Expedia,Groceries,191.98,Debit Card,Declined,Los Angeles,2025,1,8
170,2,2025-01-08,POS,Walmart,Entertainment,81.59,Credit Card,Pending,Miami,2025,1,8
171,130,2025-01-08,ATM,eBay,Groceries,697.68,Credit Card,Pending,San Francisco,2025,1,8
172,220,2025-01-08,POS,eBay,Entertainment,385.88,Credit Card,Declined,Seattle,2025,1,8
173,54,2025-01-08,ATM,BestBuy,Groceries,822.72,Credit Card,Approved,Miami,2025,1,8
174,224,2025-01-08,Online,BestBuy,Electronics,661.21,Debit Card,Declined,Houston,2025,1,8
175,225,2025-01-08,POS,Amazon,Dining,797.26,Credit Card,Declined,New York,2025,1,8
176,126,2025-01-08,POS,Expedia,Electronics,275.59,Credit Card,Declined,Chicago,2025,1,8
177,130,2025-01-08,POS,BestBuy,Electronics,693.9,Debit Card,Declined,Seattle,2025,1,8
178,53,2025-01-08,Online,Amazon,Health,267.74,Credit Card,Approved,New York,2025,1,8
179,172,2025-01-08,Online,Costco,Health,939.37,Credit Card,Declined,Chicago,2025,1,8
180,218,2025-01-08,Online,Costco,Groceries,638.19,Credit Card,Approved,Los Angeles,2025,1,8
181,160,2025-01-08,Online,BestBuy,Entertainment,327.89,Credit Card,Declined,Los Angeles,2025,1,8
182,198,2025-01-08,Online,Expedia,Electronics,273.16,Debit Card,Pending,Miami,2025,1,8
183,247,2025-01-08,POS,eBay,Groceries,194.97,Debit Card,Approved,San Francisco,2025,1,8
184,203,2025-01-08,Online,Target,Health,696.17,Credit Card,Pending,Los Angeles,2025,1,8
185,184,2025-01-08,POS,Expedia,Dining,222.62,Credit Card,Declined,Miami,2025,1,8
186,123,2025-01-08,Online,Walmart,Clothing,597.33,Debit Card,Declined,Seattle,2025,1,8
187,255,2025-01-08,ATM,Costco,Groceries,268.31,Credit Card,Declined,New York,2025,1,8
188,294,2025-01-08,POS,BestBuy,Dining,663.66,Credit Card,Approved,Los Angeles,2025,1,8
189,280,2025-01-08,ATM,BestBuy,Clothing,815.87,Credit Card,Pending,New York,2025,1,8
190,98,2025-01-08,POS,eBay,Travel,779.14,Credit Card,Approved,New York,2025,1,8
191,198,2025-01-08,ATM,Walmart,Groceries,762.05,Credit Card,Approved,San Francisco,2025,1,8
192,240,2025-01-08,Online,eBay,Groceries,191.78,Credit Card,Declined,Los Angeles,2025,1,8
193,144,2025-01-09,Online,Walmart,Travel,92.94,Credit Card,Pending,New York,2025,1,9
194,97,2025-01-09,Online,Target,Travel,700.45,Credit Card,Declined,San Francisco,2025,1,9
195,201,2025-01-09,POS,Costco,Groceries,371.51,Credit Card,Approved,San Francisco,2025,1,9
196,124,2025-01-09,ATM,BestBuy,Travel,435.18,Debit Card,Declined,Los Angeles,2025,1,9
197,187,2025-01-09,Online,BestBuy,Electronics,35.99,Debit Card,Pending,San Francisco,2025,1,9
198,259,2025-01-09,ATM,Target,Clothing,263.28,Debit Card,Declined,Los Angeles,2025,1,9
199,148,2025-01-09,ATM,Amazon,Clothing,38.51,Credit Card,Pending,Los Angeles,2025,1,9
200,252,2025-01-09,Online,Costco,Clothing,879.79,Credit Card,Pending,Chicago,2025,1,9
201,147,2025-01-09,Online,eBay,Electronics,247.18,Debit Card,Declined,New York,2025,1,9
202,148,2025-01-09,ATM,Target,Entertainment,559.55,Credit Card,Approved,Houston,2025,1,9
203,199,2025-01-09,Online,eBay,Travel,43.78,Debit Card,Declined,Los Angeles,2025,1,9
204,128,2025-01-09,Online,Expedia,Dining,668.51,Credit Card,Approved,New York,2025,1,9
205,39,2025-01-09,Online,BestBuy,Travel,326.41,Debit Card,Approved,Seattle,2025,1,9
206,129,2025-01-09,POS,eBay,Groceries,898.43,Debit Card,Declined,San Francisco,2025,1,9
207,267,2025-01-09,ATM,Walmart,Health,888.68,Debit Card,Approved,Miami,2025,1,9
208,151,2025-01-09,ATM,eBay,Clothing,328.66,Credit Card,Approved,Los Angeles,2025,1,9
209,298,2025-01-09,POS,Expedia,Travel,901.46,Debit Card,Declined,San Francisco,2025,1,9
210,99,2025-01-09,ATM,Costco,Dining,996.18,Credit Card,Declined,San Francisco,2025,1,9
211,263,2025-01-09,Online,BestBuy,Groceries,826.29,Credit Card,Declined,San Francisco,2025,1,9
212,252,2025-01-09,ATM,Target,Electronics,845.65,Credit Card,Approved,San Francisco,2025,1,9
213,144,2025-01-09,Online,Expedia,Entertainment,252.76,Credit Card,Pending,San Francisco,2025,1,9
214,112,2025-01-09,POS,BestBuy,Electronics,578.82,Credit Card,Approved,Los Angeles,2025,1,9
215,60,2025-01-09,Online,eBay,Dining,71.92,Credit Card,Pending,Seattle,2025,1,9
216,2,2025-01-09,ATM,Costco,Groceries,99.44,Credit Card,Declined,Houston,2025,1,9
217,254,2025-01-10,ATM,Amazon,Clothing,998.9,Debit Card,Pending,Chicago,2025,1,10
218,140,2025-01-10,ATM,Costco,Travel,330.01,Debit Card,Declined,San Francisco,2025,1,10
219,37,2025-01-10,POS,Amazon,Groceries,749.44,Debit Card,Declined,San Francisco,2025,1,10
220,160,2025-01-10,POS,Walmart,Entertainment,807.63,Credit Card,Pending,Chicago,2025,1,10
221,9,2025-01-10,ATM,Costco,Electronics,858.73,Credit Card,Declined,Seattle,2025,1,10
222,233,2025-01-10,Online,BestBuy,Entertainment,997.64,Credit Card,Pending,Seattle,2025,1,10
223,99,2025-01-10,POS,Amazon,Entertainment,245.29,Credit Card,Declined,Los Angeles,2025,1,10
224,147,2025-01-10,ATM,Target,Dining,45.15,Debit Card,Approved,New York,2025,1,10
225,208,2025-01-10,ATM,BestBuy,Dining,414.14,Credit Card,Approved,Miami,2025,1,10
226,131,2025-01-10,POS,Target,Travel,134.43,Debit Card,Declined,Miami,2025,1,10
227,152,2025-01-10,POS,Costco,Dining,27.31,Credit Card,Declined,New York,2025,1,10
228,54,2025-01-10,POS,Target,Dining,363.62,Debit Card,Pending,Los Angeles,2025,1,10
229,120,2025-01-10,Online,Amazon,Groceries,784.82,Credit Card,Approved,Miami,2025,1,10
230,161,2025-01-10,Online,BestBuy,Clothing,568.35,Debit Card,Pending,Seattle,2025,1,10
231,116,2025-01-10,ATM,eBay,Travel,316.21,Credit Card,Declined,Chicago,2025,1,10
232,75,2025-01-10,POS,Expedia,Groceries,656.07,Debit Card,Declined,New York,2025,1,10
233,113,2025-01-10,Online,Amazon,Clothing,235.86,Credit Card,Pending,Seattle,2025,1,10
234,104,2025-01-10,POS,Amazon,Entertainment,19.31,Debit Card,Declined,Houston,2025,1,10
235,254,2025-01-10,ATM,eBay,Groceries,765.53,Debit Card,Approved,Los Angeles,2025,1,10
236,227,2025-01-10,Online,BestBuy,Health,625.62,Credit Card,Pending,New York,2025,1,10
237,112,2025-01-10,Online,BestBuy,Groceries,763.49,Debit Card,Approved,Miami,2025,1,10
238,99,2025-01-10,Online,Costco,Dining,43.74,Credit Card,Approved,Los Angeles,2025,1,10
239,153,2025-01-10,ATM,Target,Clothing,837.93,Credit Card,Approved,Chicago,2025,1,10
240,194,2025-01-10,POS,Costco,Travel,621.43,Credit Card,Pending,Los Angeles,2025,1,10
241,163,2025-01-11,Online,eBay,Travel,565.58,Debit Card,Declined,Los Angeles,2025,1,11
242,208,2025-01-11,ATM,Costco,Clothing,626.49,Debit Card,Approved,Chicago,2025,1,11
243,169,2025-01-11,POS,eBay,Dining,865.11,Credit Card,Approved,San Francisco,2025,1,11
244,161,2025-01-11,ATM,BestBuy,Electronics,589.0,Credit Card,Approved,Chicago,2025,1,11
245,68,2025-01-11,POS,Target,Groceries,583.05,Debit Card,Declined,Seattle,2025,1,11
246,289,2025-01-11,ATM,Costco,Dining,990.73,Debit Card,Declined,Los Angeles,2025,1,11
247,277,2025-01-11,POS,Amazon,Health,757.95,Debit Card,Pending,Chicago,2025,1,11
248,135,2025-01-11,Online,Walmart,Entertainment,445.08,Credit Card,Declined,San Francisco,2025,1,11
249,195,2025-01-11,POS,Expedia,Clothing,708.86,Credit Card,Pending,Seattle,2025,1,11
250,128,2025-01-11,ATM,Amazon,Groceries,392.28,Credit Card,Pending,New York,2025,1,11
251,33,2025-01-11,ATM,BestBuy,Travel,232.73,Credit Card,Pending,Chicago,2025,1,11
252,176,2025-01-11,POS,Expedia,Entertainment,598.87,Credit Card,Pending,Chicago,2025,1,11
253,22,2025-01-11,Online,Walmart,Electronics,928.54,Debit Card,Pending,Los Angeles,2025,1,11
254,238,2025-01-11,Online,Walmart,Health,929.49,Credit Card,Approved,Seattle,2025,1,11
255,158,2025-01-11,POS,Target,Travel,345.2,Debit Card,Declined,New York,2025,1,11
256,38,2025-01-11,POS,Expedia,Clothing,530.04,Debit Card,Approved,Houston,2025,1,11
257,230,2025-01-11,ATM,Target,Groceries,215.58,Credit Card,Pending,Houston,2025,1,11
258,51,2025-01-11,Online,Amazon,Clothing,995.65,Debit Card,Declined,Miami,2025,1,11
259,264,2025-01-11,POS,eBay,Entertainment,981.21,Credit Card,Approved,Chicago,2025,1,11
260,283,2025-01-11,Online,eBay,Groceries,651.26,Debit Card,Approved,Chicago,2025,1,11
261,27,2025-01-11,POS,eBay,Dining,805.39,Credit Card,Pending,New York,2025,1,11
262,226,2025-01-11,POS,Expedia,Electronics,716.52,Credit Card,Approved,San Francisco,2025,1,11
263,277,2025-01-11,Online,eBay,Dining,595.19,Debit Card,Approved,Houston,2025,1,11
264,286,2025-01-11,POS,Amazon,Dining,58.08,Credit Card,Approved,Miami,2025,1,11
265,97,2025-01-12,POS,Target,Clothing,457.49,Debit Card,Approved,New York,2025,1,12
266,284,2025-01-12,ATM,Expedia,Entertainment,676.41,Credit Card,Approved,Chicago,2025,1,12
267,147,2025-01-12,POS,Target,Electronics,679.14,Credit Card,Pending,Houston,2025,1,12
268,4,2025-01-12,POS,Expedia,Groceries,376.26,Credit Card,Pending,Seattle,2025,1,12
269,35,2025-01-12,POS,Target,Groceries,941.98,Debit Card,Approved,Miami,2025,1,12
270,192,2025-01-12,ATM,Walmart,Health,171.52,Debit Card,Pending,Los Angeles,2025,1,12
271,49,2025-01-12,Online,Target,Travel,502.86,Credit Card,Pending,Houston,2025,1,12
272,17,2025-01-12,ATM,eBay,Health,692.43,Debit Card,Declined,Miami,2025,1,12
273,172,2025-01-12,ATM,Walmart,Health,698.65,Credit Card,Approved,New York,2025,1,12
274,220,2025-01-12,Online,Target,Groceries,650.4,Debit Card,Pending,Los Angeles,2025,1,12
275,158,2025-01-12,ATM,Expedia,Clothing,278.91,Debit Card,Pending,Miami,2025,1,12
276,46,2025-01-12,Online,Expedia,Dining,160.43,Credit Card,Approved,Miami,2025,1,12
277,6,2025-01-12,ATM,Expedia,Entertainment,637.76,Credit Card,Declined,Chicago,2025,1,12
278,99,2025-01-12,Online,BestBuy,Dining,601.31,Credit Card,Approved,San Francisco,2025,1,12
279,233,2025-01-12,POS,Amazon,Dining,183.46,Credit Card,Declined,Houston,2025,1,12
280,37,2025-01-12,ATM,Expedia,Electronics,706.61,Credit Card,Approved,Chicago,2025,1,12
281,280,2025-01-12,ATM,Walmart,Groceries,457.9,Debit Card,Approved,Seattle,2025,1,12
282,181,2025-01-12,ATM,Expedia,Entertainment,669.42,Debit Card,Approved,Los Angeles,2025,1,12
283,95,2025-01-12,ATM,BestBuy,Clothing,838.18,Credit Card,Approved,San Francisco,2025,1,12
284,99,2025-01-12,POS,eBay,Electronics,173.88,Credit Card,Declined,Miami,2025,1,12
285,188,2025-01-12,ATM,Walmart,Travel,24.05,Credit Card,Declined,Chicago,2025,1,12
286,116,2025-01-12,POS,BestBuy,Clothing,780.21,Debit Card,Pending,San Francisco,2025,1,12
287,191,2025-01-12,POS,eBay,Health,611.65,Credit Card,Approved,Seattle,2025,1,12
288,253,2025-01-12,POS,Costco,Clothing,701.14,Credit Card,Declined,Houston,2025,1,12
289,161,2025-01-13,POS,Costco,Clothing,838.96,Debit Card,Declined,Seattle,2025,1,13
290,256,2025-01-13,Online,Walmart,Dining,803.8,Debit Card,Declined,Los Angeles,2025,1,13
291,128,2025-01-13,Online,Target,Clothing,961.12,Debit Card,Approved,New York,2025,1,13
292,18,2025-01-13,ATM,Amazon,Health,538.26,Debit Card,Pending,Chicago,2025,1,13
293,281,2025-01-13,Online,Amazon,Health,491.05,Credit Card,Declined,Los Angeles,2025,1,13
294,223,2025-01-13,Online,BestBuy,Groceries,404.88,Debit Card,Approved,New York,2025,1,13
295,54,2025-01-13,ATM,eBay,Clothing,157.92,Debit Card,Declined,Chicago,2025,1,13
296,58,2025-01-13,ATM,Amazon,Dining,574.74,Credit Card,Declined,Los Angeles,2025,1,13
297,174,2025-01-13,ATM,eBay,Clothing,280.63,Credit Card,Pending,Seattle,2025,1,13
298,280,2025-01-13,Online,eBay,Travel,921.7,Credit Card,Declined,Los Angeles,2025,1,13
299,114,2025-01-13,Online,BestBuy,Travel,585.27,Debit Card,Declined,San Francisco,2025,1,13
300,288,2025-01-13,ATM,BestBuy,Dining,594.88,Credit Card,Approved,Seattle,2025,1,13
301,151,2025-01-13,POS,BestBuy,Groceries,358.15,Debit Card,Approved,Chicago,2025,1,13
302,127,2025-01-13,ATM,Amazon,Groceries,56.73,Debit Card,Pending,Los Angeles,2025,1,13
303,155,2025-01-13,POS,Costco,Health,36.59,Debit Card,Approved,Miami,2025,1,13
304,273,2025-01-13,POS,BestBuy,Health,426.22,Credit Card,Approved,Chicago,2025,1,13
305,104,2025-01-13,ATM,Amazon,Electronics,89.14,Debit Card,Pending,Los Angeles,2025,1,13
306,299,2025-01-13,ATM,BestBuy,Dining,608.81,Credit Card,Declined,San Francisco,2025,1,13
307,246,2025-01-13,ATM,Expedia,Clothing,881.57,Credit Card,Pending,New York,2025,1,13
308,176,2025-01-13,Online,eBay,Entertainment,883.5,Credit Card,Approved,New York,2025,1,13
309,39,2025-01-13,POS,BestBuy,Dining,660.75,Debit Card,Pending,Miami,2025,1,13
310,170,2025-01-13,Online,Walmart,Electronics,215.18,Debit Card,Declined,Chicago,2025,1,13
311,247,2025-01-13,Online,eBay,Health,863.68,Debit Card,Pending,San Francisco,2025,1,13
312,26,2025-01-13,ATM,eBay,Dining,886.66,Credit Card,Approved,Los Angeles,2025,1,13
313,13,2025-01-14,Online,BestBuy,Dining,200.67,Debit Card,Approved,Los Angeles,2025,1,14
314,36,2025-01-14,ATM,Costco,Health,738.74,Debit Card,Pending,New York,2025,1,14
315,173,2025-01-14,POS,Target,Electronics,290.09,Debit Card,Declined,San Francisco,2025,1,14
316,20,2025-01-14,ATM,Costco,Health,803.63,Debit Card,Pending,Seattle,2025,1,14
317,264,2025-01-14,Online,BestBuy,Groceries,997.25,Debit Card,Declined,Miami,2025,1,14
318,142,2025-01-14,Online,eBay,Clothing,34.88,Credit Card,Declined,New York,2025,1,14
319,143,2025-01-14,ATM,Walmart,Health,897.88,Credit Card,Pending,New York,2025,1,14
320,92,2025-01-14,ATM,eBay,Electronics,624.52,Credit Card,Declined,Miami,2025,1,14
321,288,2025-01-14,Online,Costco,Travel,973.52,Credit Card,Approved,Chicago,2025,1,14
322,215,2025-01-14,POS,Walmart,Groceries,467.68,Debit Card,Pending,Los Angeles,2025,1,14
323,51,2025-01-14,POS,Amazon,Travel,848.15,Credit Card,Declined,Chicago,2025,1,14
324,153,2025-01-14,ATM,Expedia,Entertainment,67.08,Debit Card,Approved,San Francisco,2025,1,14
325,186,2025-01-14,POS,eBay,Health,338.6,Credit Card,Pending,Seattle,2025,1,14
326,63,2025-01-14,Online,BestBuy,Groceries,71.68,Credit Card,Approved,Houston,2025,1,14
327,190,2025-01-14,ATM,Amazon,Clothing,975.47,Credit Card,Approved,Houston,2025,1,14
328,125,2025-01-14,Online,Expedia,Health,817.89,Debit Card,Approved,Houston,2025,1,14
329,150,2025-01-14,Online,BestBuy,Clothing,853.28,Debit Card,Declined,Miami,2025,1,14
330,58,2025-01-14,POS,Target,Dining,938.28,Credit Card,Pending,New York,2025,1,14
331,180,2025-01-14,ATM,BestBuy,Travel,89.68,Debit Card,Pending,Seattle,2025,1,14
332,170,2025-01-14,ATM,Walmart,Groceries,388.67,Credit Card,Declined,Chicago,2025,1,14
333,271,2025-01-14,POS,Walmart,Clothing,75.68,Credit Card,Pending,Los Angeles,2025,1,14
334,54,2025-01-14,Online,Target,Electronics,214.74,Credit Card,Approved,Houston,2025,1,14
335,101,2025-01-14,Online,Amazon,Clothing,233.22,Debit Card,Pending,Chicago,2025,1,14
336,264,2025-01-14,Online,Expedia,Electronics,471.76,Credit Card,Declined,Houston,2025,1,14
337,53,2025-01-15,Online,BestBuy,Health,272.22,Credit Card,Approved,Seattle,2025,1,15
338,60,2025-01-15,ATM,Walmart,Groceries,105.47,Credit Card,Declined,Houston,2025,1,15
339,108,2025-01-15,ATM,Amazon,Clothing,171.65,Debit Card,Approved,Los Angeles,2025,1,15
340,5,2025-01-15,POS,Target,Entertainment,151.54,Credit Card,Approved,San Francisco,2025,1,15
341,103,2025-01-15,POS,Costco,Clothing,973.21,Debit Card,Pending,San Francisco,2025,1,15
342,196,2025-01-15,ATM,eBay,Entertainment,760.5,Credit Card,Approved,Seattle,2025,1,15
343,262,2025-01-15,ATM,Costco,Groceries,967.92,Debit Card,Declined,San Francisco,2025,1,15
344,47,2025-01-15,Online,Costco,Clothing,442.54,Credit Card,Pending,Miami,2025,1,15
345,144,2025-01-15,Online,Walmart,Electronics,281.98,Credit Card,Declined,New York,2025,1,15
346,269,2025-01-15,POS,Target,Clothing,799.3,Debit Card,Approved,Miami,2025,1,15
347,124,2025-01-15,ATM,BestBuy,Travel,329.62,Debit Card,Declined,Chicago,2025,1,15
348,106,2025-01-15,POS,Costco,Health,302.89,Credit Card,Declined,Miami,2025,1,15
349,158,2025-01-15,ATM,Costco,Dining,236.34,Debit Card,Approved,Chicago,2025,1,15
350,147,2025-01-15,Online,Expedia,Electronics,134.03,Credit Card,Pending,Chicago,2025,1,15
351,145,2025-01-15,POS,Walmart,Travel,260.18,Credit Card,Declined,New York,2025,1,15
352,120,2025-01-15,POS,Walmart,Entertainment,358.54,Credit Card,Approved,Los Angeles,2025,1,15
353,275,2025-01-15,ATM,BestBuy,Health,675.62,Debit Card,Pending,Seattle,2025,1,15
354,92,2025-01-15,Online,eBay,Groceries,67.25,Credit Card,Pending,New York,2025,1,15
355,58,2025-01-15,POS,Amazon,Electronics,214.45,Debit Card,Pending,Seattle,2025,1,15
356,229,2025-01-15,Online,Expedia,Dining,809.98,Credit Card,Declined,San Francisco,2025,1,15
357,117,2025-01-15,POS,Walmart,Health,151.19,Debit Card,Declined,San Francisco,2025,1,15
358,279,2025-01-15,Online,Expedia,Entertainment,345.93,Debit Card,Declined,Miami,2025,1,15
359,127,2025-01-15,ATM,Walmart,Dining,865.34,Credit Card,Pending,Chicago,2025,1,15
360,129,2025-01-15,POS,Expedia,Groceries,159.15,Debit Card,Declined,Houston,2025,1,15
361,58,2025-01-16,POS,Target,Groceries,87.32,Credit Card,Approved,Houston,2025,1,16
362,122,2025-01-16,Online,Costco,Entertainment,487.12,Credit Card,Declined,Seattle,2025,1,16
363,1,2025-01-16,Online,Walmart,Electronics,305.91,Credit Card,Declined,Chicago,2025,1,16
364,239,2025-01-16,POS,Expedia,Entertainment,565.59,Credit Card,Pending,Seattle,2025,1,16
365,290,2025-01-16,ATM,Amazon,Clothing,804.79,Credit Card,Declined,New York,2025,1,16
366,96,2025-01-16,Online,Target,Groceries,141.46,Debit Card,Approved,Los Angeles,2025,1,16
367,126,2025-01-16,Online,Target,Health,582.8,Credit Card,Pending,New York,2025,1,16
368,118,2025-01-16,Online,Amazon,Clothing,507.98,Debit Card,Approved,Chicago,2025,1,16
369,48,2025-01-16,POS,Expedia,Travel,148.36,Debit Card,Pending,Chicago,2025,1,16
370,89,2025-01-16,POS,BestBuy,Dining,625.88,Credit Card,Pending,Los Angeles,2025,1,16
371,237,2025-01-16,POS,Amazon,Clothing,277.27,Debit Card,Declined,Seattle,2025,1,16
372,272,2025-01-16,POS,Expedia,Dining,490.4,Credit Card,Approved,Miami,2025,1,16
373,189,2025-01-16,ATM,Amazon,Entertainment,86.86,Debit Card,Pending,Miami,2025,1,16
374,192,2025-01-16,ATM,Amazon,Clothing,462.29,Debit Card,Declined,Los Angeles,2025,1,16
375,69,2025-01-16,POS,Walmart,Entertainment,309.93,Debit Card,Pending,Miami,2025,1,16
376,278,2025-01-16,ATM,Expedia,Travel,823.27,Credit Card,Pending,Houston,2025,1,16
377,247,2025-01-16,Online,BestBuy,Groceries,61.69,Debit Card,Pending,Miami,2025,1,16
378,76,2025-01-16,Online,Costco,Travel,421.51,Credit Card,Pending,Miami,2025,1,16
379,154,2025-01-16,Online,Walmart,Groceries,461.14,Debit Card,Pending,Miami,2025,1,16
380,144,2025-01-16,POS,Amazon,Entertainment,726.38,Debit Card,Pending,Houston,2025,1,16
381,86,2025-01-16,Online,Costco,Groceries,576.42,Debit Card,Declined,Seattle,2025,1,16
382,185,2025-01-16,ATM,eBay,Dining,668.88,Debit Card,Pending,Miami,2025,1,16
383,285,2025-01-16,POS,Costco,Health,778.16,Credit Card,Approved,San Francisco,2025,1,16
384,220,2025-01-16,ATM,Amazon,Travel,862.89,Credit Card,Declined,Houston,2025,1,16
385,69,2025-01-17,Online,Amazon,Clothing,317.31,Debit Card,Approved,Los Angeles,2025,1,17
386,47,2025-01-17,Online,Expedia,Travel,540.33,Debit Card,Pending,New York,2025,1,17
387,94,2025-01-17,Online,Expedia,Dining,840.91,Credit Card,Approved,Los Angeles,2025,1,17
388,238,2025-01-17,POS,Walmart,Groceries,989.5,Credit Card,Pending,New York,2025,1,17
389,204,2025-01-17,ATM,BestBuy,Dining,890.07,Credit Card,Pending,Los Angeles,2025,1,17
390,218,2025-01-17,POS,Walmart,Electronics,374.61,Credit Card,Declined,San Francisco,2025,1,17
391,39,2025-01-17,POS,Target,Electronics,199.19,Debit Card,Declined,New York,2025,1,17
392,100,2025-01-17,Online,Amazon,Clothing,491.95,Debit Card,Pending,New York,2025,1,17
393,289,2025-01-17,POS,Costco,Dining,742.93,Credit Card,Declined,Chicago,2025,1,17
394,254,2025-01-17,POS,eBay,Entertainment,495.11,Credit Card,Approved,New York,2025,1,17
395,222,2025-01-17,Online,Amazon,Clothing,485.76,Credit Card,Declined,New York,2025,1,17
396,23,2025-01-17,POS,Amazon,Entertainment,839.04,Credit Card,Declined,Chicago,2025,1,17
397,250,2025-01-17,Online,Walmart,Clothing,364.6,Credit Card,Approved,Miami,2025,1,17
398,10,2025-01-17,Online,eBay,Electronics,860.5,Credit Card,Declined,Miami,2025,1,17
399,246,2025-01-17,Online,eBay,Clothing,409.77,Debit Card,Pending,Chicago,2025,1,17
400,100,2025-01-17,Online,eBay,Electronics,331.59,Debit Card,Approved,Houston,2025,1,17
401,290,2025-01-17,POS,Walmart,Groceries,456.72,Debit Card,Pending,New York,2025,1,17
402,180,2025-01-17,Online,Amazon,Entertainment,763.63,Credit Card,Approved,New York,2025,1,17
403,223,2025-01-17,Online,Walmart,Dining,130.37,Credit Card,Pending,Chicago,2025,1,17
404,250,2025-01-17,POS,Expedia,Clothing,200.44,Credit Card,Pending,Chicago,2025,1,17
405,147,2025-01-17,POS,Expedia,Electronics,951.69,Debit Card,Declined,Houston,2025,1,17
406,96,2025-01-17,ATM,Walmart,Travel,179.61,Credit Card,Pending,San Francisco,2025,1,17
407,257,2025-01-17,POS,eBay,Entertainment,569.89,Credit Card,Declined,Miami,2025,1,17
408,4,2025-01-17,POS,Amazon,Clothing,581.42,Debit Card,Approved,Los Angeles,2025,1,17
409,16,2025-01-18,ATM,Walmart,Health,492.18,Credit Card,Pending,San Francisco,2025,1,18
410,280,2025-01-18,POS,Walmart,Groceries,646.52,Debit Card,Pending,Seattle,2025,1,18
411,247,2025-01-18,POS,Walmart,Groceries,233.68,Debit Card,Approved,Miami,2025,1,18
412,258,2025-01-18,POS,Target,Travel,554.9,Credit Card,Approved,New York,2025,1,18
413,160,2025-01-18,POS,Expedia,Electronics,375.31,Debit Card,Pending,Seattle,2025,1,18
414,152,2025-01-18,ATM,Costco,Clothing,663.36,Credit Card,Approved,San Francisco,2025,1,18
415,178,2025-01-18,POS,eBay,Entertainment,145.52,Debit Card,Declined,Chicago,2025,1,18
416,163,2025-01-18,POS,BestBuy,Electronics,573.02,Credit Card,Approved,Houston,2025,1,18
417,33,2025-01-18,ATM,Costco,Groceries,189.34,Debit Card,Approved,Miami,2025,1,18
418,179,2025-01-18,Online,eBay,Electronics,282.25,Credit Card,Pending,Houston,2025,1,18
419,101,2025-01-18,ATM,BestBuy,Groceries,222.62,Debit Card,Declined,Seattle,2025,1,18
420,268,2025-01-18,Online,Target,Electronics,186.92,Debit Card,Approved,Miami,2025,1,18
421,65,2025-01-18,ATM,Walmart,Travel,826.58,Debit Card,Declined,San Francisco,2025,1,18
422,168,2025-01-18,ATM,Target,Dining,289.28,Credit Card,Declined,New York,2025,1,18
423,43,2025-01-18,POS,Target,Travel,927.49,Credit Card,Declined,Los Angeles,2025,1,18
424,44,2025-01-18,Online,Costco,Travel,970.08,Debit Card,Pending,Houston,2025,1,18
425,285,2025-01-18,POS,Amazon,Dining,573.4,Credit Card,Approved,Houston,2025,1,18
426,12,2025-01-18,Online,Costco,Dining,147.29,Debit Card,Pending,Los Angeles,2025,1,18
427,95,2025-01-18,ATM,Expedia,Clothing,377.68,Credit Card,Approved,Houston,2025,1,18
428,253,2025-01-18,ATM,BestBuy,Entertainment,798.74,Debit Card,Approved,Houston,2025,1,18
429,242,2025-01-18,Online,Walmart,Entertainment,370.55,Credit Card,Pending,Miami,2025,1,18
430,35,2025-01-18,POS,Costco,Clothing,91.58,Debit Card,Declined,Miami,2025,1,18
431,215,2025-01-18,POS,BestBuy,Travel,559.0,Debit Card,Declined,Los Angeles,2025,1,18
432,90,2025-01-18,POS,eBay,Travel,845.9,Debit Card,Approved,Seattle,2025,1,18
433,264,2025-01-19,POS,BestBuy,Groceries,796.95,Debit Card,Pending,New York,2025,1,19
434,93,2025-01-19,ATM,eBay,Groceries,179.25,Credit Card,Declined,San Francisco,2025,1,19
435,90,2025-01-19,ATM,Costco,Entertainment,674.4,Debit Card,Declined,San Francisco,2025,1,19
436,115,2025-01-19,ATM,Expedia,Clothing,224.4,Credit Card,Approved,Seattle,2025,1,19
437,105,2025-01-19,ATM,Costco,Health,222.12,Credit Card,Approved,Houston,2025,1,19
438,196,2025-01-19,ATM,eBay,Health,874.7,Debit Card,Pending,New York,2025,1,19
439,114,2025-01-19,POS,BestBuy,Clothing,253.42,Credit Card,Approved,Los Angeles,2025,1,19
440,75,2025-01-19,POS,BestBuy,Groceries,266.93,Credit Card,Declined,Seattle,2025,1,19
441,217,2025-01-19,POS,eBay,Entertainment,5.65,Credit Card,Declined,Los Angeles,2025,1,19
442,277,2025-01-19,POS,Target,Entertainment,871.32,Debit Card,Declined,Miami,2025,1,19
443,249,2025-01-19,ATM,Expedia,Groceries,793.63,Credit Card,Declined,Houston,2025,1,19
444,164,2025-01-19,ATM,Amazon,Health,629.19,Credit Card,Pending,Chicago,2025,1,19
445,192,2025-01-19,ATM,Walmart,Electronics,751.51,Debit Card,Pending,Los Angeles,2025,1,19
446,227,2025-01-19,Online,BestBuy,Electronics,156.29,Debit Card,Approved,Seattle,2025,1,19
447,177,2025-01-19,POS,Walmart,Groceries,461.03,Credit Card,Approved,Houston,2025,1,19
448,99,2025-01-19,POS,Amazon,Electronics,354.46,Debit Card,Approved,New York,2025,1,19
449,36,2025-01-19,ATM,Costco,Dining,98.31,Credit Card,Pending,Seattle,2025,1,19
450,96,2025-01-19,POS,Walmart,Clothing,488.7,Credit Card,Declined,Miami,2025,1,19
451,152,2025-01-19,POS,Amazon,Clothing,921.14,Credit Card,Approved,San Francisco,2025,1,19
452,151,2025-01-19,ATM,eBay,Groceries,44.86,Debit Card,Declined,New York,2025,1,19
453,190,2025-01-19,Online,Target,Travel,295.0,Credit Card,Approved,Los Angeles,2025,1,19
454,224,2025-01-19,Online,BestBuy,Health,211.5,Debit Card,Approved,Los Angeles,2025,1,19
455,37,2025-01-19,Online,Amazon,Groceries,241.96,Debit Card,Approved,New York,2025,1,19
456,268,2025-01-19,ATM,Walmart,Electronics,908.89,Credit Card,Approved,Los Angeles,2025,1,19
457,183,2025-01-20,POS,BestBuy,Health,470.73,Debit Card,Approved,Seattle,2025,1,20
458,13,2025-01-20,ATM,Target,Travel,468.97,Debit Card,Declined,Houston,2025,1,20
459,279,2025-01-20,ATM,eBay,Electronics,761.77,Debit Card,Approved,Los Angeles,2025,1,20
460,217,2025-01-20,POS,Costco,Entertainment,158.72,Debit Card,Declined,Miami,2025,1,20
461,286,2025-01-20,Online,BestBuy,Dining,489.83,Debit Card,Pending,Houston,2025,1,20
462,273,2025-01-20,Online,Costco,Electronics,432.84,Credit Card,Approved,Seattle,2025,1,20
463,62,2025-01-20,ATM,Amazon,Dining,598.93,Debit Card,Declined,Chicago,2025,1,20
464,84,2025-01-20,Online,Target,Health,999.56,Credit Card,Pending,Los Angeles,2025,1,20
465,217,2025-01-20,ATM,Walmart,Dining,770.6,Credit Card,Pending,Los Angeles,2025,1,20
466,187,2025-01-20,ATM,Target,Health,400.88,Credit Card,Pending,Miami,2025,1,20
467,19,2025-01-20,POS,Target,Health,828.42,Credit Card,Declined,Seattle,2025,1,20
468,177,2025-01-20,POS,Expedia,Health,174.85,Credit Card,Approved,Miami,2025,1,20
469,100,2025-01-20,POS,Target,Health,35.31,Credit Card,Approved,San Francisco,2025,1,20
470,233,2025-01-20,ATM,Target,Health,208.43,Debit Card,Declined,Seattle,2025,1,20
471,76,2025-01-20,POS,BestBuy,Electronics,343.71,Debit Card,Approved,New York,2025,1,20
472,265,2025-01-20,Online,Walmart,Health,513.03,Debit Card,Declined,New York,2025,1,20
473,284,2025-01-20,Online,BestBuy,Electronics,617.05,Credit Card,Approved,New York,2025,1,20
474,206,2025-01-20,ATM,BestBuy,Health,911.05,Debit Card,Pending,Miami,2025,1,20
475,223,2025-01-20,ATM,Amazon,Dining,512.3,Debit Card,Approved,New York,2025,1,20
476,52,2025-01-20,POS,BestBuy,Entertainment,503.77,Debit Card,Declined,Seattle,2025,1,20
477,144,2025-01-20,ATM,Expedia,Health,54.99,Credit Card,Declined,New York,2025,1,20
478,69,2025-01-20,ATM,Expedia,Travel,39.74,Debit Card,Pending,Chicago,2025,1,20
479,99,2025-01-20,Online,Costco,Health,553.4,Credit Card,Declined,New York,2025,1,20
480,25,2025-01-20,Online,Amazon,Health,440.99,Debit Card,Approved,Los Angeles,2025,1,20
481,53,2025-01-21,POS,Costco,Dining,839.98,Credit Card,Approved,San Francisco,2025,1,21
482,151,2025-01-21,ATM,Costco,Clothing,164.88,Credit Card,Pending,Miami,2025,1,21
483,144,2025-01-21,ATM,eBay,Dining,29.85,Credit Card,Declined,Houston,2025,1,21
484,57,2025-01-21,Online,Walmart,Travel,451.79,Debit Card,Pending,San Francisco,2025,1,21
485,39,2025-01-21,ATM,Walmart,Clothing,241.29,Debit Card,Approved,Chicago,2025,1,21
486,109,2025-01-21,Online,BestBuy,Groceries,54.37,Credit Card,Pending,Miami,2025,1,21
487,181,2025-01-21,POS,BestBuy,Groceries,725.98,Debit Card,Declined,Seattle,2025,1,21
488,42,2025-01-21,Online,eBay,Travel,116.04,Credit Card,Pending,Miami,2025,1,21
489,186,2025-01-21,ATM,BestBuy,Dining,610.28,Credit Card,Declined,Los Angeles,2025,1,21
490,223,2025-01-21,POS,Walmart,Electronics,284.64,Debit Card,Declined,Seattle,2025,1,21
491,122,2025-01-21,Online,Costco,Travel,177.63,Debit Card,Approved,San Francisco,2025,1,21
492,133,2025-01-21,Online,Target,Entertainment,382.85,Debit Card,Approved,San Francisco,2025,1,21
493,163,2025-01-21,POS,Expedia,Clothing,802.44,Credit Card,Approved,New York,2025,1,21
494,215,2025-01-21,POS,Target,Clothing,395.13,Credit Card,Declined,Seattle,2025,1,21
495,221,2025-01-21,Online,Target,Health,752.02,Debit Card,Pending,Los Angeles,2025,1,21
496,235,2025-01-21,ATM,Walmart,Groceries,129.86,Credit Card,Declined,New York,2025,1,21
497,146,2025-01-21,Online,Target,Clothing,773.91,Debit Card,Approved,New York,2025,1,21
498,239,2025-01-21,POS,eBay,Travel,240.75,Credit Card,Approved,Miami,2025,1,21
499,76,2025-01-21,Online,Amazon,Clothing,679.01,Debit Card,Pending,San Francisco,2025,1,21
500,9,2025-01-21,POS,BestBuy,Travel,567.95,Debit Card,Approved,New York,2025,1,21
501,74,2025-01-21,POS,Amazon,Electronics,929.5,Credit Card,Approved,Chicago,2025,1,21
502,253,2025-01-21,ATM,Costco,Health,390.39,Debit Card,Approved,Chicago,2025,1,21
503,230,2025-01-21,POS,Expedia,Groceries,70.83,Debit Card,Pending,San Francisco,2025,1,21
504,7,2025-01-21,POS,BestBuy,Clothing,24.06,Credit Card,Declined,Chicago,2025,1,21
505,174,2025-01-22,ATM,Target,Travel,827.72,Debit Card,Approved,Miami,2025,1,22
506,141,2025-01-22,POS,Expedia,Dining,527.11,Credit Card,Pending,Los Angeles,2025,1,22
507,168,2025-01-22,ATM,BestBuy,Groceries,776.37,Debit Card,Approved,Houston,2025,1,22
508,170,2025-01-22,ATM,eBay,Electronics,238.25,Credit Card,Pending,New York,2025,1,22
509,283,2025-01-22,POS,eBay,Travel,348.36,Debit Card,Approved,Houston,2025,1,22
510,122,2025-01-22,POS,eBay,Entertainment,34.95,Debit Card,Pending,Los Angeles,2025,1,22
511,194,2025-01-22,Online,eBay,Entertainment,961.68,Debit Card,Approved,Los Angeles,2025,1,22
512,5,2025-01-22,ATM,Target,Health,669.53,Debit Card,Declined,Miami,2025,1,22
513,29,2025-01-22,Online,Amazon,Health,933.54,Credit Card,Approved,Chicago,2025,1,22
514,165,2025-01-22,POS,BestBuy,Electronics,269.17,Credit Card,Pending,Chicago,2025,1,22
515,136,2025-01-22,Online,Target,Electronics,613.41,Credit Card,Approved,Los Angeles,2025,1,22
516,145,2025-01-22,ATM,eBay,Health,680.11,Credit Card,Declined,Miami,2025,1,22
517,217,2025-01-22,Online,Costco,Clothing,320.96,Credit Card,Approved,Miami,2025,1,22
518,132,2025-01-22,ATM,Amazon,Clothing,848.87,Credit Card,Pending,San Francisco,2025,1,22
519,292,2025-01-22,POS,Costco,Travel,947.43,Credit Card,Pending,Seattle,2025,1,22
520,70,2025-01-22,POS,Expedia,Dining,885.43,Debit Card,Declined,New York,2025,1,22
521,252,2025-01-22,ATM,Costco,Travel,740.37,Debit Card,Pending,Seattle,2025,1,22
522,275,2025-01-22,POS,Expedia,Dining,281.08,Debit Card,Approved,Chicago,2025,1,22
523,182,2025-01-22,POS,Expedia,Electronics,285.21,Debit Card,Approved,Los Angeles,2025,1,22
524,167,2025-01-22,POS,eBay,Groceries,963.54,Credit Card,Approved,San Francisco,2025,1,22
525,91,2025-01-22,POS,Expedia,Travel,15.23,Credit Card,Pending,Houston,2025,1,22
526,202,2025-01-22,ATM,Walmart,Travel,717.47,Credit Card,Approved,Chicago,2025,1,22
527,19,2025-01-22,Online,BestBuy,Dining,707.71,Debit Card,Approved,New York,2025,1,22
528,39,2025-01-22,Online,BestBuy,Electronics,624.58,Credit Card,Approved,Miami,2025,1,22
529,126,2025-01-23,POS,eBay,Electronics,990.16,Debit Card,Declined,Los Angeles,2025,1,23
530,173,2025-01-23,Online,Walmart,Entertainment,315.32,Credit Card,Pending,Chicago,2025,1,23
531,141,2025-01-23,Online,Costco,Dining,343.27,Credit Card,Pending,Houston,2025,1,23
532,242,2025-01-23,POS,Target,Electronics,83.54,Credit Card,Pending,New York,2025,1,23
533,220,2025-01-23,POS,Costco,Health,445.58,Credit Card,Declined,New York,2025,1,23
534,126,2025-01-23,Online,Target,Clothing,264.74,Debit Card,Pending,San Francisco,2025,1,23
535,58,2025-01-23,ATM,Expedia,Entertainment,346.67,Debit Card,Declined,Chicago,2025,1,23
536,148,2025-01-23,POS,Amazon,Health,835.4,Credit Card,Declined,Houston,2025,1,23
537,1,2025-01-23,ATM,Target,Groceries,935.81,Debit Card,Pending,New York,2025,1,23
538,190,2025-01-23,Online,Amazon,Travel,189.8,Credit Card,Approved,Los Angeles,2025,1,23
539,191,2025-01-23,POS,BestBuy,Entertainment,375.65,Credit Card,Approved,New York,2025,1,23
540,117,2025-01-23,ATM,Amazon,Groceries,928.99,Credit Card,Pending,Houston,2025,1,23
541,134,2025-01-23,POS,BestBuy,Travel,66.5,Credit Card,Pending,Miami,2025,1,23
542,58,2025-01-23,Online,Walmart,Clothing,96.9,Debit Card,Declined,Miami,2025,1,23
543,44,2025-01-23,ATM,Walmart,Electronics,166.98,Credit Card,Pending,San Francisco,2025,1,23
544,173,2025-01-23,Online,eBay,Health,597.24,Credit Card,Declined,Chicago,2025,1,23
545,160,2025-01-23,Online,eBay,Dining,154.72,Debit Card,Pending,Houston,2025,1,23
546,173,2025-01-23,POS,Expedia,Health,968.24,Credit Card,Approved,San Francisco,2025,1,23
547,149,2025-01-23,ATM,Target,Clothing,449.48,Debit Card,Approved,Seattle,2025,1,23
548,80,2025-01-23,Online,Expedia,Groceries,504.01,Credit Card,Pending,New York,2025,1,23
549,213,2025-01-23,Online,BestBuy,Dining,250.43,Credit Card,Declined,Seattle,2025,1,23
550,203,2025-01-23,ATM,Expedia,Electronics,473.61,Credit Card,Approved,New York,2025,1,23
551,252,2025-01-23,Online,Amazon,Clothing,663.6,Credit Card,Declined,Miami,2025,1,23
552,229,2025-01-23,Online,BestBuy,Dining,752.42,Credit Card,Pending,San Francisco,2025,1,23
553,164,2025-01-24,ATM,eBay,Clothing,755.1,Credit Card,Pending,Miami,2025,1,24
554,227,2025-01-24,ATM,Walmart,Clothing,580.0,Debit Card,Approved,Los Angeles,2025,1,24
555,147,2025-01-24,ATM,eBay,Electronics,904.84,Credit Card,Pending,Seattle,2025,1,24
556,20,2025-01-24,ATM,Target,Entertainment,818.32,Debit Card,Approved,Seattle,2025,1,24
557,47,2025-01-24,POS,BestBuy,Travel,758.26,Debit Card,Declined,Miami,2025,1,24
558,233,2025-01-24,ATM,BestBuy,Dining,60.33,Credit Card,Approved,Los Angeles,2025,1,24
559,14,2025-01-24,POS,Amazon,Electronics,11.84,Debit Card,Approved,New York,2025,1,24
560,143,2025-01-24,POS,Target,Clothing,216.39,Credit Card,Declined,San Francisco,2025,1,24
561,1,2025-01-24,POS,Walmart,Electronics,665.21,Debit Card,Approved,Los Angeles,2025,1,24
562,54,2025-01-24,Online,Costco,Entertainment,414.14,Credit Card,Approved,San Francisco,2025,1,24
563,259,2025-01-24,POS,BestBuy,Travel,405.39,Debit Card,Pending,Seattle,2025,1,24
564,144,2025-01-24,POS,BestBuy,Health,885.16,Debit Card,Declined,San Francisco,2025,1,24
565,12,2025-01-24,Online,Amazon,Dining,896.09,Credit Card,Approved,Seattle,2025,1,24
566,224,2025-01-24,Online,Expedia,Travel,909.63,Debit Card,Declined,Los Angeles,2025,1,24
567,272,2025-01-24,Online,Walmart,Groceries,317.31,Credit Card,Declined,Seattle,2025,1,24
568,156,2025-01-24,ATM,eBay,Dining,692.6,Credit Card,Approved,Chicago,2025,1,24
569,8,2025-01-24,Online,Target,Travel,275.28,Credit Card,Pending,Seattle,2025,1,24
570,122,2025-01-24,Online,BestBuy,Clothing,194.66,Credit Card,Declined,Miami,2025,1,24
571,164,2025-01-24,POS,BestBuy,Dining,188.71,Credit Card,Approved,Los Angeles,2025,1,24
572,90,2025-01-24,Online,eBay,Dining,345.4,Debit Card,Declined,New York,2025,1,24
573,136,2025-01-24,ATM,Walmart,Electronics,432.81,Debit Card,Pending,San Francisco,2025,1,24
574,186,2025-01-24,Online,Expedia,Clothing,831.79,Debit Card,Pending,Houston,2025,1,24
575,178,2025-01-24,ATM,BestBuy,Groceries,124.29,Credit Card,Pending,Los Angeles,2025,1,24
576,28,2025-01-24,Online,Walmart,Health,736.25,Debit Card,Approved,Miami,2025,1,24
577,220,2025-01-25,Online,eBay,Entertainment,533.8,Debit Card,Approved,Seattle,2025,1,25
578,41,2025-01-25,Online,Amazon,Travel,291.51,Debit Card,Pending,San Francisco,2025,1,25
579,228,2025-01-25,Online,Expedia,Electronics,495.36,Debit Card,Approved,Chicago,2025,1,25
580,192,2025-01-25,ATM,Target,Travel,303.44,Debit Card,Pending,New York,2025,1,25
581,145,2025-01-25,ATM,BestBuy,Groceries,598.1,Credit Card,Approved,Chicago,2025,1,25
582,201,2025-01-25,POS,Walmart,Groceries,436.67,Credit Card,Pending,Houston,2025,1,25
583,212,2025-01-25,ATM,Amazon,Dining,168.58,Debit Card,Declined,Los Angeles,2025,1,25
584,220,2025-01-25,Online,Target,Entertainment,121.0,Credit Card,Pending,San Francisco,2025,1,25
585,240,2025-01-25,POS,Costco,Groceries,548.96,Credit Card,Pending,Los Angeles,2025,1,25
586,46,2025-01-25,POS,Walmart,Travel,902.9,Debit Card,Approved,Miami,2025,1,25
587,35,2025-01-25,POS,Walmart,Clothing,347.24,Debit Card,Approved,Los Angeles,2025,1,25
588,253,2025-01-25,Online,Target,Clothing,734.34,Credit Card,Approved,New York,2025,1,25
589,82,2025-01-25,ATM,Amazon,Dining,660.37,Debit Card,Approved,Houston,2025,1,25
590,256,2025-01-25,Online,Costco,Health,931.9,Credit Card,Approved,Chicago,2025,1,25
591,197,2025-01-25,POS,eBay,Travel,821.88,Credit Card,Approved,Houston,2025,1,25
592,10,2025-01-25,Online,Amazon,Travel,568.77,Debit Card,Declined,San Francisco,2025,1,25
593,286,2025-01-25,Online,Expedia,Groceries,658.75,Credit Card,Pending,Los Angeles,2025,1,25
594,242,2025-01-25,ATM,BestBuy,Entertainment,898.89,Credit Card,Pending,San Francisco,2025,1,25
595,251,2025-01-25,ATM,Target,Travel,402.52,Credit Card,Pending,Chicago,2025,1,25
596,5,2025-01-25,POS,eBay,Electronics,330.16,Debit Card,Declined,San Francisco,2025,1,25
597,119,2025-01-25,Online,Costco,Health,15.76,Debit Card,Pending,Miami,2025,1,25
598,289,2025-01-25,Online,Target,Groceries,827.42,Debit Card,Declined,Houston,2025,1,25
599,65,2025-01-25,ATM,Target,Electronics,801.98,Debit Card,Declined,Chicago,2025,1,25
600,146,2025-01-25,Online,Amazon,Dining,108.93,Credit Card,Declined,Chicago,2025,1,25
601,224,2025-01-26,Online,BestBuy,Clothing,578.97,Debit Card,Pending,Seattle,2025,1,26
602,239,2025-01-26,Online,Expedia,Dining,466.66,Debit Card,Declined,Chicago,2025,1,26
603,177,2025-01-26,ATM,Walmart,Clothing,123.12,Debit Card,Pending,Seattle,2025,1,26
604,267,2025-01-26,POS,Walmart,Dining,980.67,Debit Card,Pending,New York,2025,1,26
605,282,2025-01-26,POS,Target,Travel,218.62,Credit Card,Approved,Seattle,2025,1,26
606,63,2025-01-26,Online,BestBuy,Electronics,71.9,Credit Card,Approved,Houston,2025,1,26
607,217,2025-01-26,POS,Costco,Clothing,596.87,Credit Card,Declined,San Francisco,2025,1,26
608,283,2025-01-26,ATM,Costco,Groceries,740.17,Debit Card,Declined,Seattle,2025,1,26
609,177,2025-01-26,ATM,eBay,Electronics,37.28,Debit Card,Pending,Chicago,2025,1,26
610,98,2025-01-26,POS,Amazon,Groceries,660.42,Credit Card,Declined,Houston,2025,1,26
611,105,2025-01-26,POS,BestBuy,Electronics,534.63,Debit Card,Declined,Seattle,2025,1,26
612,99,2025-01-26,Online,BestBuy,Electronics,107.75,Debit Card,Pending,Seattle,2025,1,26
613,6,2025-01-26,POS,Amazon,Dining,176.66,Credit Card,Declined,Chicago,2025,1,26
614,197,2025-01-26,Online,Costco,Clothing,570.13,Credit Card,Declined,Miami,2025,1,26
615,133,2025-01-26,Online,Costco,Clothing,299.88,Debit Card,Pending,Miami,2025,1,26
616,259,2025-01-26,ATM,Costco,Entertainment,938.62,Debit Card,Pending,Seattle,2025,1,26
617,23,2025-01-26,ATM,Target,Electronics,819.65,Debit Card,Approved,Miami,2025,1,26
618,53,2025-01-26,ATM,BestBuy,Travel,983.65,Credit Card,Pending,Los Angeles,2025,1,26
619,165,2025-01-26,ATM,Walmart,Travel,263.37,Credit Card,Approved,Chicago,2025,1,26
620,202,2025-01-26,POS,Amazon,Groceries,969.88,Credit Card,Declined,Los Angeles,2025,1,26
621,83,2025-01-26,ATM,Costco,Groceries,434.08,Credit Card,Pending,Houston,2025,1,26
622,145,2025-01-26,POS,eBay,Dining,350.78,Debit Card,Pending,Los Angeles,2025,1,26
623,85,2025-01-26,ATM,Costco,Electronics,55.1,Credit Card,Pending,Houston,2025,1,26
624,78,2025-01-26,POS,Costco,Groceries,57.5,Credit Card,Declined,Seattle,2025,1,26
625,1,2025-01-27,Online,Expedia,Groceries,693.55,Debit Card,Approved,Houston,2025,1,27
626,51,2025-01-27,POS,Target,Health,460.64,Debit Card,Declined,Houston,2025,1,27
627,173,2025-01-27,POS,Amazon,Electronics,230.39,Debit Card,Declined,San Francisco,2025,1,27
628,205,2025-01-27,ATM,Expedia,Dining,615.9,Credit Card,Pending,Los Angeles,2025,1,27
629,260,2025-01-27,POS,Expedia,Groceries,256.59,Debit Card,Approved,San Francisco,2025,1,27
630,288,2025-01-27,Online,eBay,Dining,579.74,Debit Card,Declined,Seattle,2025,1,27
631,34,2025-01-27,Online,BestBuy,Clothing,362.41,Credit Card,Pending,Chicago,2025,1,27
632,95,2025-01-27,ATM,eBay,Dining,824.43,Credit Card,Declined,Los Angeles,2025,1,27
633,72,2025-01-27,Online,BestBuy,Travel,821.59,Debit Card,Declined,Chicago,2025,1,27
634,39,2025-01-27,POS,BestBuy,Travel,479.96,Credit Card,Pending,Chicago,2025,1,27
635,154,2025-01-27,Online,Amazon,Dining,354.07,Debit Card,Pending,Houston,2025,1,27
636,250,2025-01-27,ATM,Costco,Travel,365.75,Debit Card,Approved,Los Angeles,2025,1,27
637,162,2025-01-27,POS,Amazon,Clothing,806.69,Credit Card,Declined,Chicago,2025,1,27
638,118,2025-01-27,ATM,Target,Electronics,331.54,Debit Card,Pending,Miami,2025,1,27
639,259,2025-01-27,POS,BestBuy,Travel,213.01,Credit Card,Pending,Chicago,2025,1,27
640,268,2025-01-27,Online,Expedia,Travel,89.26,Credit Card,Approved,Miami,2025,1,27
641,54,2025-01-27,ATM,Costco,Dining,469.36,Credit Card,Approved,Los Angeles,2025,1,27
642,236,2025-01-27,ATM,Walmart,Clothing,484.72,Debit Card,Pending,Seattle,2025,1,27
643,222,2025-01-27,POS,Target,Entertainment,841.7,Credit Card,Approved,San Francisco,2025,1,27
644,251,2025-01-27,ATM,Amazon,Entertainment,225.13,Credit Card,Pending,Los Angeles,2025,1,27
645,112,2025-01-27,POS,eBay,Entertainment,384.09,Debit Card,Declined,San Francisco,2025,1,27
646,255,2025-01-27,POS,Target,Entertainment,809.36,Debit Card,Approved,San Francisco,2025,1,27
647,207,2025-01-27,POS,Target,Electronics,824.51,Debit Card,Declined,Los Angeles,2025,1,27
648,229,2025-01-27,POS,Costco,Dining,387.69,Debit Card,Declined,Chicago,2025,1,27
649,66,2025-01-28,Online,Target,Dining,461.83,Credit Card,Declined,New York,2025,1,28
650,75,2025-01-28,POS,Target,Health,306.77,Credit Card,Pending,Chicago,2025,1,28
651,103,2025-01-28,ATM,Walmart,Clothing,932.89,Credit Card,Declined,Chicago,2025,1,28
652,192,2025-01-28,Online,eBay,Entertainment,123.05,Debit Card,Declined,Seattle,2025,1,28
653,252,2025-01-28,ATM,eBay,Electronics,934.08,Debit Card,Declined,Houston,2025,1,28
654,226,2025-01-28,Online,eBay,Clothing,685.45,Credit Card,Pending,Houston,2025,1,28
655,294,2025-01-28,POS,BestBuy,Entertainment,533.91,Debit Card,Declined,Chicago,2025,1,28
656,98,2025-01-28,Online,Expedia,Electronics,37.5,Debit Card,Declined,Miami,2025,1,28
657,286,2025-01-28,Online,eBay,Clothing,478.22,Credit Card,Approved,Seattle,2025,1,28
658,249,2025-01-28,ATM,Target,Dining,410.71,Credit Card,Pending,San Francisco,2025,1,28
659,166,2025-01-28,ATM,Target,Dining,165.41,Debit Card,Declined,Houston,2025,1,28
660,30,2025-01-28,POS,eBay,Groceries,658.13,Debit Card,Approved,Chicago,2025,1,28
661,247,2025-01-28,Online,Costco,Travel,971.3,Debit Card,Pending,Seattle,2025,1,28
662,106,2025-01-28,Online,eBay,Entertainment,564.38,Credit Card,Pending,New York,2025,1,28
663,51,2025-01-28,Online,Target,Health,716.18,Credit Card,Pending,Miami,2025,1,28
664,81,2025-01-28,POS,BestBuy,Clothing,73.11,Credit Card,Pending,Los Angeles,2025,1,28
665,133,2025-01-28,POS,Amazon,Health,420.58,Credit Card,Pending,Chicago,2025,1,28
666,285,2025-01-28,POS,Amazon,Groceries,120.78,Credit Card,Pending,Seattle,2025,1,28
667,138,2025-01-28,POS,eBay,Travel,614.73,Debit Card,Declined,Chicago,2025,1,28
668,184,2025-01-28,POS,Walmart,Clothing,938.79,Debit Card,Declined,San Francisco,2025,1,28
669,273,2025-01-28,ATM,eBay,Electronics,663.47,Debit Card,Declined,Miami,2025,1,28
670,69,2025-01-28,Online,Costco,Entertainment,81.42,Credit Card,Declined,Houston,2025,1,28
671,34,2025-01-28,Online,eBay,Travel,357.89,Credit Card,Approved,Houston,2025,1,28
672,262,2025-01-28,Online,Amazon,Dining,552.91,Credit Card,Declined,Houston,2025,1,28
673,53,2025-01-29,Online,Target,Groceries,406.19,Debit Card,Pending,Los Angeles,2025,1,29
674,205,2025-01-29,Online,eBay,Travel,834.48,Credit Card,Declined,Seattle,2025,1,29
675,126,2025-01-29,Online,Target,Entertainment,815.6,Credit Card,Declined,Miami,2025,1,29
676,235,2025-01-29,Online,Target,Travel,613.77,Debit Card,Pending,Miami,2025,1,29
677,43,2025-01-29,Online,Walmart,Entertainment,376.59,Credit Card,Declined,Houston,2025,1,29
678,240,2025-01-29,ATM,Target,Dining,259.06,Debit Card,Declined,Houston,2025,1,29
679,111,2025-01-29,Online,Amazon,Clothing,110.34,Credit Card,Declined,San Francisco,2025,1,29
680,249,2025-01-29,ATM,BestBuy,Electronics,358.12,Credit Card,Approved,New York,2025,1,29
681,151,2025-01-29,POS,BestBuy,Dining,416.11,Debit Card,Declined,New York,2025,1,29
682,183,2025-01-29,Online,Expedia,Electronics,677.44,Debit Card,Pending,Chicago,2025,1,29
683,95,2025-01-29,POS,Costco,Clothing,659.87,Debit Card,Pending,Chicago,2025,1,29
684,8,2025-01-29,POS,eBay,Travel,74.76,Debit Card,Declined,Miami,2025,1,29
685,184,2025-01-29,POS,Costco,Electronics,398.28,Debit Card,Declined,Miami,2025,1,29
686,281,2025-01-29,ATM,Amazon,Groceries,185.87,Debit Card,Declined,Los Angeles,2025,1,29
687,195,2025-01-29,POS,Target,Groceries,161.03,Credit Card,Pending,Los Angeles,2025,1,29
688,195,2025-01-29,POS,BestBuy,Entertainment,828.17,Credit Card,Pending,New York,2025,1,29
689,155,2025-01-29,POS,Costco,Dining,46.71,Debit Card,Approved,Chicago,2025,1,29
690,93,2025-01-29,Online,Amazon,Clothing,422.09,Credit Card,Approved,New York,2025,1,29
691,160,2025-01-29,Online,BestBuy,Entertainment,172.36,Debit Card,Approved,New York,2025,1,29
692,61,2025-01-29,ATM,Target,Dining,879.93,Credit Card,Pending,Chicago,2025,1,29
693,122,2025-01-29,ATM,Costco,Dining,559.26,Debit Card,Approved,Seattle,2025,1,29
694,51,2025-01-29,Online,BestBuy,Entertainment,235.22,Credit Card,Declined,Los Angeles,2025,1,29
695,277,2025-01-29,ATM,eBay,Health,504.92,Credit Card,Declined,San Francisco,2025,1,29
696,5,2025-01-29,Online,eBay,Dining,732.83,Credit Card,Pending,San Francisco,2025,1,29
697,92,2025-01-30,POS,Expedia,Health,958.33,Credit Card,Approved,San Francisco,2025,1,30
698,170,2025-01-30,POS,Expedia,Groceries,224.34,Credit Card,Declined,Chicago,2025,1,30
699,22,2025-01-30,ATM,BestBuy,Groceries,886.75,Debit Card,Pending,Houston,2025,1,30
700,1,2025-01-30,Online,Amazon,Dining,934.63,Debit Card,Approved,Houston,2025,1,30
701,133,2025-01-30,Online,eBay,Groceries,916.84,Debit Card,Declined,Houston,2025,1,30
702,233,2025-01-30,ATM,Amazon,Clothing,637.24,Credit Card,Approved,Miami,2025,1,30
703,12,2025-01-30,Online,Amazon,Health,631.67,Debit Card,Pending,Los Angeles,2025,1,30
704,46,2025-01-30,POS,BestBuy,Health,406.19,Credit Card,Approved,Los Angeles,2025,1,30
705,34,2025-01-30,ATM,Amazon,Dining,753.64,Credit Card,Pending,Seattle,2025,1,30
706,78,2025-01-30,ATM,eBay,Groceries,533.64,Credit Card,Approved,Seattle,2025,1,30
707,218,2025-01-30,Online,Target,Electronics,679.05,Debit Card,Declined,Miami,2025,1,30
708,73,2025-01-30,ATM,Expedia,Entertainment,431.32,Credit Card,Pending,New York,2025,1,30
709,282,2025-01-30,Online,Target,Entertainment,732.84,Debit Card,Pending,Seattle,2025,1,30
710,249,2025-01-30,Online,Amazon,Health,825.35,Debit Card,Pending,San Francisco,2025,1,30
711,47,2025-01-30,Online,Target,Dining,150.7,Credit Card,Approved,Houston,2025,1,30
712,121,2025-01-30,Online,eBay,Dining,833.77,Credit Card,Approved,San Francisco,2025,1,30
713,214,2025-01-30,Online,eBay,Clothing,542.6,Debit Card,Declined,Houston,2025,1,30
714,239,2025-01-30,ATM,Amazon,Travel,845.44,Debit Card,Pending,San Francisco,2025,1,30
715,56,2025-01-30,POS,BestBuy,Travel,434.15,Debit Card,Pending,New York,2025,1,30
716,107,2025-01-30,POS,Target,Health,382.15,Debit Card,Approved,San Francisco,2025,1,30
717,48,2025-01-30,ATM,BestBuy,Entertainment,915.49,Debit Card,Approved,San Francisco,2025,1,30
718,61,2025-01-30,ATM,BestBuy,Clothing,254.91,Debit Card,Declined,Chicago,2025,1,30
719,26,2025-01-30,POS,Walmart,Clothing,844.99,Credit Card,Declined,San Francisco,2025,1,30
720,292,2025-01-30,POS,Amazon,Clothing,486.6,Debit Card,Approved,Chicago,2025,1,30
721,257,2025-01-31,POS,Expedia,Health,516.52,Debit Card,Pending,Los Angeles,2025,1,31
722,8,2025-01-31,POS,eBay,Travel,311.93,Debit Card,Declined,Miami,2025,1,31
723,113,2025-01-31,POS,eBay,Entertainment,575.18,Debit Card,Approved,San Francisco,2025,1,31
724,253,2025-01-31,Online,Amazon,Clothing,328.59,Credit Card,Approved,Los Angeles,2025,1,31
725,180,2025-01-31,ATM,Costco,Entertainment,44.07,Credit Card,Pending,Seattle,2025,1,31
726,207,2025-01-31,Online,Costco,Groceries,275.64,Debit Card,Approved,Seattle,2025,1,31
727,127,2025-01-31,POS,Costco,Dining,11.35,Debit Card,Approved,Chicago,2025,1,31
728,56,2025-01-31,POS,Expedia,Dining,978.46,Debit Card,Declined,San Francisco,2025,1,31
729,214,2025-01-31,POS,eBay,Entertainment,965.92,Credit Card,Approved,San Francisco,2025,1,31
730,14,2025-01-31,Online,Amazon,Electronics,398.18,Credit Card,Approved,New York,2025,1,31
731,28,2025-01-31,Online,eBay,Electronics,729.73,Credit Card,Declined,Los Angeles,2025,1,31
732,78,2025-01-31,POS,BestBuy,Health,349.08,Credit Card,Pending,Houston,2025,1,31
733,216,2025-01-31,Online,Target,Health,672.74,Credit Card,Pending,Houston,2025,1,31
734,154,2025-01-31,Online,Target,Dining,806.4,Credit Card,Declined,New York,2025,1,31
735,14,2025-01-31,POS,eBay,Groceries,947.02,Debit Card,Declined,Chicago,2025,1,31
736,187,2025-01-31,Online,Walmart,Travel,403.21,Credit Card,Pending,Houston,2025,1,31
737,7,2025-01-31,ATM,Expedia,Travel,784.38,Credit Card,Pending,Houston,2025,1,31
738,3,2025-01-31,ATM,Costco,Health,269.6,Debit Card,Pending,Seattle,2025,1,31
739,111,2025-01-31,ATM,Expedia,Groceries,990.38,Credit Card,Pending,Seattle,2025,1,31
740,238,2025-01-31,ATM,Expedia,Health,30.64,Debit Card,Pending,Miami,2025,1,31
741,239,2025-01-31,POS,BestBuy,Travel,605.51,Credit Card,Declined,Los Angeles,2025,1,31
742,274,2025-01-31,POS,Expedia,Entertainment,661.21,Debit Card,Approved,Chicago,2025,1,31
743,294,2025-01-31,POS,Target,Health,689.61,Debit Card,Pending,San Francisco,2025,1,31
744,227,2025-01-31,ATM,BestBuy,Clothing,124.79,Debit Card,Pending,Los Angeles,2025,1,31
