id,name,email,contact,salary,dob,doj,gender,city
1,"Aarav Sharma",aarav.sharma@example.com,NULL,50000.00,1990-01-15,2015-03-01,male,Mumbai
2,"Ananya Verma",ananya.verma@example.com,9999999990,45000.00,1992-06-23,2016-08-15,female,Delhi
3,"Ishaan Gupta",ishaan.gupta@example.com,9123456789,60000.00,1988-03-12,2014-05-20,male,Bangalore
4,"Meera Nair",meera.nair@example.com,9001234567,48000.00,1991-12-01,2017-01-11,female,Chennai
5,"Vivaan Singh",vivaan.singh@example.com,NULL,55000.00,1989-08-18,2015-09-05,male,Kolkata
6,"Diya Patel",diya.patel@example.com,9012345678,47000.00,1993-04-07,2017-12-01,female,Ahmedabad
7,"Arjun Rao",arjun.rao@example.com,NULL,53000.00,1987-02-19,2013-11-09,male,Hyderabad
8,"Sana Khan",sana.khan@example.com,9023456781,49000.00,1995-10-14,2018-04-18,female,Pune
9,"Rohan Mehta",rohan.mehta@example.com,9123678945,62000.00,1986-11-05,2012-07-23,male,Surat
10,"Kavya Reddy",kavya.reddy@example.com,NULL,46000.00,1994-07-22,2017-05-30,female,Jaipur
11,"Yash Chopra",yash.chopra@example.com,9345678901,55000.00,1990-09-28,2016-02-15,male,Lucknow
12,"Riya Bhatt",riya.bhatt@example.com,9098765432,48000.00,1993-03-17,2017-08-09,female,Kanpur
13,"Kabir Desai",kabir.desai@example.com,9234578910,61000.00,1989-05-30,2014-06-20,male,Nagpur
14,"Sneha Das",sneha.das@example.com,9312345678,45000.00,1992-02-13,2016-11-03,female,Indore
15,"Aditya Narayan",aditya.narayan@example.com,9223456789,56000.00,1988-07-08,2015-04-18,male,Patna
16,"Pooja Roy",pooja.roy@example.com,9091234567,47000.00,1991-06-29,2017-02-24,female,Bhopal
17,"Krishna Iyer",krishna.iyer@example.com,9356789012,53000.00,1987-08-04,2013-12-17,male,Coimbatore
18,"Aditi Mishra",aditi.mishra@example.com,9234567891,49000.00,1995-01-11,2018-07-01,female,Ludhiana
19,"Nikhil Kulkarni",nikhil.kulkarni@example.com,9321456789,62000.00,1986-04-21,2012-09-30,male,Vadodara
20,"Simran Joshi",simran.joshi@example.com,9187654321,46000.00,1994-03-09,2017-09-11,female,Visakhapatnam
21,"Rajesh Shetty",rajesh.shetty@example.com,9123459876,54000.00,1989-11-22,2014-03-10,male,Madurai
22,"Rashmi Aggarwal",rashmi.aggarwal@example.com,9045678901,47000.00,1992-08-15,2016-12-07,female,Agra
23,"Siddharth Pandey",siddharth.pandey@example.com,9192345678,58000.00,1990-04-03,2015-06-15,male,Nashik
24,"Neha Sinha",neha.sinha@example.com,9087654321,48000.00,1993-05-16,2017-03-29,female,Faridabad
25,"Vikram Bhat",vikram.bhat@example.com,9312345698,61000.00,1988-02-25,2014-08-20,male,Meerut
26,"Priya Kapoor",priya.kapoor@example.com,9023456789,47000.00,1991-10-19,2017-01-25,female,Rajkot
27,"Gautam Singh",gautam.singh@example.com,9234567890,55000.00,1987-06-10,2013-05-08,male,Varanasi
28,"Anjali Menon",anjali.menon@example.com,9098765431,49000.00,1995-12-30,2018-05-17,female,Srinagar
29,"Aravind Nair",aravind.nair@example.com,9012345670,53000.00,1986-08-25,2012-12-03,male,Amritsar
30,"Divya Jain",divya.jain@example.com,9198765430,46000.00,1994-11-18,2017-04-22,female,Allahabad
31,"Karan Malhotra",karan.malhotra@example.com,9345678902,62000.00,1989-03-02,2015-02-01,male,Hubli
32,"Nisha Patel",nisha.patel@example.com,9098765434,45000.00,1992-07-14,2016-10-10,female,Jodhpur
33,"Ravi Kumar",ravi.kumar@example.com,9234567892,54000.00,1988-01-20,2014-11-23,male,Trivandrum
34,"Preeti Rana",preeti.rana@example.com,9312345673,47000.00,1991-03-04,2017-07-18,female,Jamshedpur
35,"Harsh Vardhan",harsh.vardhan@example.com,9223456783,58000.00,1990-05-25,2015-08-07,male,Guwahati
36,"Smriti Das",smriti.das@example.com,9045678921,48000.00,1993-02-08,2017-11-14,female,Raipur
37,"Mohan Reddy",mohan.reddy@example.com,9123456782,61000.00,1987-12-21,2013-06-27,male,Chandigarh
38,"Pallavi Verma",pallavi.verma@example.com,9087654323,46000.00,1994-06-07,2017-10-02,female,Mysore
39,"Vishal Chandra",vishal.chandra@example.com,9312345675,55000.00,1989-10-13,2014-01-13,male,Gwalior
40,"Neetu Singh",neetu.singh@example.com,9187654325,49000.00,1995-09-09,2018-02-18,female,Ranchi
41,"Ajay Thakur",ajay.thakur@example.com,9012345676,53000.00,1986-03-23,2012-10-05,male,Kochi
42,"Shruti Sharma",shruti.sharma@example.com,9198765436,46000.00,1994-04-14,2017-06-13,female,Gurgaon
43,"Akash Yadav",akash.yadav@example.com,9345678906,62000.00,1988-09-17,2014-09-21,male,Vijayawada
44,"Swati Srivastava",swati.srivastava@example.com,9098765438,47000.00,1992-01-02,2016-05-04,female,Howrah
45,"Amit Jain",amit.jain@example.com,9234567894,54000.00,1990-12-19,2015-01-16,male,Noida
46,"Rekha Nair",rekha.nair@example.com,9312345678,47000.00,1991-05-07,2017-08-23,female,Bhubaneswar
47,"Suresh Patil",suresh.patil@example.com,9023456783,58000.00,1987-01-31,2013-04-12,male,Dehradun
48,"Anushka Singh",anushka.singh@example.com,9087654329,48000.00,1993-08-20,2017-12-29,female,Coimbatore
49,"Manoj Dubey",manoj.dubey@example.com,9123456784,61000.00,1986-11-13,2012-03-15,male,Asansol
50,"Reema Arora",reema.arora@example.com,9187654320,46000.00,1994-12-03,2017-11-25,female,Dhanbad
