Transaction_ID,Customer_ID,Transaction_Date,Transaction_Type,Merchant,Category,Amount,Payment_Mode,Transaction_Status,Location,Year,Month,Day
100000,4452,2023-01-01,Online,Walmart,Travel,4520.7,Debit Card,Approved,Jonesport,2023,1,1
100001,2775,2023-01-01,ATM,BestBuy,Travel,1437.85,Debit Card,Approved,Port Jennifer,2023,1,1
100002,2259,2023-01-01,Mobile Payment,Uber,Clothing,3320.52,PayPal,Approved,Port James,2023,1,1
100003,4545,2023-01-01,Online,BestBuy,Travel,2659.96,Debit Card,Approved,Hawkinston,2023,1,1
100004,2137,2023-01-01,ATM,Amazon,Travel,2517.07,Debit Card,Approved,Matthewland,2023,1,1
100005,4096,2023-01-01,ATM,Uber,Groceries,2032.91,UPI,Approved,West Patriciamouth,2023,1,1
100006,1587,2023-01-01,Online,Netflix,Entertainment,2309.06,Debit Card,Approved,Scottport,2023,1,1
100007,2103,2023-01-01,ATM,Uber,Dining,334.82,PayPal,Pending,Shawview,2023,1,1
100008,3553,2023-01-01,POS,Amazon,Dining,374.29,PayPal,Approved,Port Lindsay,2023,1,1
100009,4821,2023-01-01,Mobile Payment,Netflix,Electronics,1117.12,UPI,Approved,Lake Steveport,2023,1,1
100010,3887,2023-01-01,Mobile Payment,Target,Entertainment,1908.74,PayPal,Approved,Ginachester,2023,1,1
100011,4816,2023-01-01,Mobile Payment,Netflix,Groceries,4530.51,PayPal,Approved,Petersonbury,2023,1,1
100012,3914,2023-01-01,Mobile Payment,Netflix,Dining,3059.09,PayPal,Approved,South Rhonda,2023,1,1
100013,4276,2023-01-01,ATM,Target,Electronics,2105.42,Credit Card,Approved,Sosamouth,2023,1,1
100014,1855,2023-01-01,Online,Walmart,Clothing,2365.67,Credit Card,Approved,Catherineland,2023,1,1
100015,1903,2023-01-01,ATM,Uber,Clothing,3093.14,PayPal,Approved,North Jessicahaven,2023,1,1
100016,4015,2023-01-01,ATM,Netflix,Groceries,2330.34,UPI,Approved,South Alicia,2023,1,1
100017,3753,2023-01-01,Mobile Payment,Target,Electronics,2395.64,Debit Card,Approved,Marshshire,2023,1,1
100018,4438,2023-01-01,Online,BestBuy,Dining,2930.38,UPI,Approved,Johnsonside,2023,1,1
100019,1139,2023-01-01,POS,Target,Dining,971.57,Debit Card,Approved,Brandonmouth,2023,1,1
100020,1337,2023-01-01,POS,Uber,Dining,4684.13,PayPal,Approved,Nicholsonside,2023,1,1
100021,2569,2023-01-01,ATM,Target,Clothing,2080.94,PayPal,Approved,Dustinmouth,2023,1,1
100022,3057,2023-01-01,Online,BestBuy,Groceries,4094.49,PayPal,Approved,West Kenneth,2023,1,1
100023,1086,2023-01-01,ATM,Target,Dining,580.76,Credit Card,Approved,West William,2023,1,1
100024,2551,2023-01-02,ATM,Uber,Groceries,4013.36,Debit Card,Approved,Timothyville,2023,1,2
100025,1942,2023-01-02,Mobile Payment,Walmart,Electronics,3385.38,Debit Card,Approved,Spencermouth,2023,1,2
100026,4254,2023-01-02,Online,BestBuy,Travel,4054.78,Credit Card,Approved,Stevensmouth,2023,1,2
100027,1719,2023-01-02,Online,Walmart,Entertainment,4471.68,UPI,Pending,Riveramouth,2023,1,2
100028,3374,2023-01-02,Mobile Payment,Walmart,Groceries,1411.35,UPI,Approved,Ryanbury,2023,1,2
100029,4073,2023-01-02,Online,BestBuy,Clothing,2905.62,Credit Card,Approved,Annaland,2023,1,2
100030,1431,2023-01-02,ATM,Uber,Dining,2609.42,Debit Card,Approved,Kellymouth,2023,1,2
100031,1466,2023-01-02,POS,Target,Entertainment,41.99,PayPal,Approved,North Joshuaburgh,2023,1,2
100032,4184,2023-01-02,Mobile Payment,Uber,Groceries,1810.88,Credit Card,Approved,Lake Morganside,2023,1,2
100033,3862,2023-01-02,Online,Uber,Electronics,1499.08,Credit Card,Approved,East Samanthaview,2023,1,2
100034,2424,2023-01-02,Online,Target,Groceries,4074.73,PayPal,Approved,North Marytown,2023,1,2
100035,2851,2023-01-02,Online,Apple Store,Travel,171.99,Credit Card,Pending,Port Katherine,2023,1,2
100036,1107,2023-01-02,ATM,Target,Travel,4852.43,Debit Card,Declined,North Mckenzieburgh,2023,1,2
100037,2839,2023-01-02,ATM,BestBuy,Entertainment,1236.68,Credit Card,Approved,Juliebury,2023,1,2
100038,4786,2023-01-02,ATM,Apple Store,Groceries,4131.19,Debit Card,Approved,Port Eric,2023,1,2
100039,2038,2023-01-02,ATM,Amazon,Entertainment,4751.63,Credit Card,Approved,Stevensonland,2023,1,2
100040,1782,2023-01-02,Online,Netflix,Entertainment,860.42,Debit Card,Declined,New Kathrynstad,2023,1,2
100041,1619,2023-01-02,ATM,Amazon,Electronics,4406.84,Debit Card,Approved,Williamsland,2023,1,2
100042,1455,2023-01-02,ATM,BestBuy,Travel,4213.55,PayPal,Approved,Allisonborough,2023,1,2
100043,2782,2023-01-02,POS,Uber,Clothing,4156.06,PayPal,Declined,East Patrickborough,2023,1,2
100044,4989,2023-01-02,ATM,Walmart,Electronics,4781.68,PayPal,Approved,Raymondhaven,2023,1,2
100045,2961,2023-01-02,Online,Target,Groceries,4156.79,UPI,Pending,Ashleyhaven,2023,1,2
100046,3227,2023-01-02,Mobile Payment,Apple Store,Travel,2989.81,Debit Card,Approved,East Tonychester,2023,1,2
100047,1161,2023-01-02,Online,Amazon,Groceries,2502.4049999999997,PayPal,Approved,Gutierrezhaven,2023,1,2
100048,3722,2023-01-03,ATM,BestBuy,Groceries,3987.73,Debit Card,Approved,East Jack,2023,1,3
100049,2533,2023-01-03,ATM,Netflix,Clothing,4925.38,UPI,Approved,West Michael,2023,1,3
100050,3364,2023-01-03,Mobile Payment,Amazon,Unknown,501.03,Debit Card,Approved,New Jenniferchester,2023,1,3
100051,4451,2023-01-03,Mobile Payment,Uber,Groceries,3200.15,UPI,Approved,Martinfort,2023,1,3
100052,3509,2023-01-03,Mobile Payment,Walmart,Travel,3402.84,PayPal,Approved,Jeffreyside,2023,1,3
100053,3805,2023-01-03,Mobile Payment,BestBuy,Entertainment,1951.39,Debit Card,Declined,Port Robertburgh,2023,1,3
100054,4422,2023-01-03,ATM,Netflix,Groceries,2242.64,UPI,Approved,Lake Ryanton,2023,1,3
100055,4468,2023-01-03,POS,Amazon,Clothing,1271.28,PayPal,Approved,Scottside,2023,1,3
100056,4809,2023-01-03,Online,BestBuy,Groceries,1676.34,PayPal,Approved,East Anna,2023,1,3
100057,1328,2023-01-03,ATM,Walmart,Electronics,1643.81,PayPal,Approved,Patriciaborough,2023,1,3
100058,1098,2023-01-03,Unknown,Walmart,Clothing,3130.03,Unknown,Approved,South Tabitha,2023,1,3
100059,1034,2023-01-03,Mobile Payment,Unknown,Entertainment,1093.3,PayPal,Approved,North William,2023,1,3
100060,2656,2023-01-03,Mobile Payment,Target,Clothing,2273.57,UPI,Approved,East Timothy,2023,1,3
100061,4328,2023-01-03,Online,Uber,Electronics,2805.62,UPI,Approved,Jonesland,2023,1,3
100062,2777,2023-01-03,Mobile Payment,Uber,Clothing,3782.64,Debit Card,Approved,Aaronmouth,2023,1,3
100063,2814,2023-01-03,POS,Target,Clothing,2031.65,PayPal,Approved,North Daniel,2023,1,3
100064,3197,2023-01-03,Mobile Payment,Uber,Entertainment,2604.07,PayPal,Approved,Briannaberg,2023,1,3
100065,2224,2023-01-03,POS,Apple Store,Travel,3019.72,UPI,Approved,Richardview,2023,1,3
100066,4433,2023-01-03,Online,Uber,Entertainment,85.61,Credit Card,Approved,East Nathan,2023,1,3
100067,3609,2023-01-03,Online,Netflix,Groceries,1698.42,Credit Card,Approved,Lisamouth,2023,1,3
100068,3271,2023-01-03,POS,Apple Store,Travel,4135.21,PayPal,Approved,Mauriceton,2023,1,3
100069,4546,2023-01-03,Mobile Payment,Walmart,Groceries,1845.61,Debit Card,Approved,West Leslie,2023,1,3
100070,4784,2023-01-03,Online,Target,Electronics,3425.56,PayPal,Declined,New Teresafurt,2023,1,3
100071,1661,2023-01-03,Mobile Payment,BestBuy,Clothing,379.42,Credit Card,Approved,North Jamesville,2023,1,3
100072,3787,2023-01-04,Online,Walmart,Electronics,3755.97,Credit Card,Approved,Daniellefort,2023,1,4
100073,3668,2023-01-04,POS,Walmart,Dining,1597.14,UPI,Approved,Valenciamouth,2023,1,4
100074,2339,2023-01-04,POS,Netflix,Groceries,1200.22,Credit Card,Approved,Mcdonaldfort,2023,1,4
100075,3762,2023-01-04,ATM,Target,Dining,1135.18,PayPal,Approved,Smithshire,2023,1,4
100076,3238,2023-01-04,Online,Apple Store,Electronics,3999.07,PayPal,Approved,North Ryan,2023,1,4
100077,3084,2023-01-04,POS,Netflix,Clothing,3835.05,Debit Card,Pending,New Stephanieland,2023,1,4
100078,3016,2023-01-04,Mobile Payment,Uber,Clothing,3175.66,UPI,Approved,East Jon,2023,1,4
100079,1391,2023-01-04,Online,Target,Entertainment,4634.83,UPI,Declined,Rogershaven,2023,1,4
100080,3895,2023-01-04,Mobile Payment,Amazon,Electronics,4065.49,PayPal,Approved,North Matthew,2023,1,4
100081,1852,2023-01-04,ATM,BestBuy,Travel,2502.4049999999997,PayPal,Approved,East Crystalchester,2023,1,4
100082,3470,2023-01-04,Mobile Payment,Uber,Entertainment,4564.52,Debit Card,Approved,Meyerton,2023,1,4
100083,4259,2023-01-04,Mobile Payment,Netflix,Clothing,182.95,Credit Card,Approved,Robertport,2023,1,4
100084,4833,2023-01-04,Online,Netflix,Groceries,2911.11,Debit Card,Approved,Lisamouth,2023,1,4
100085,1952,2023-01-04,Mobile Payment,Amazon,Electronics,954.74,Debit Card,Approved,Lake Michelleville,2023,1,4
100086,1176,2023-01-04,Online,Apple Store,Groceries,40.84,PayPal,Approved,Waltonton,2023,1,4
100087,4826,2023-01-04,POS,Walmart,Entertainment,2951.37,PayPal,Approved,West Michelle,2023,1,4
100088,3956,2023-01-04,Online,Netflix,Groceries,1209.29,Credit Card,Approved,East Wendy,2023,1,4
100089,2162,2023-01-04,POS,Apple Store,Groceries,2502.4049999999997,PayPal,Approved,South Susan,2023,1,4
100090,3865,2023-01-04,Online,Netflix,Dining,563.69,PayPal,Declined,North Michaelfort,2023,1,4
100091,4164,2023-01-04,Mobile Payment,Amazon,Entertainment,1307.83,Debit Card,Approved,Port Helen,2023,1,4
100092,3354,2023-01-04,Online,Apple Store,Entertainment,4643.83,Credit Card,Declined,Kellyland,2023,1,4
100093,2683,2023-01-04,POS,Walmart,Clothing,4626.58,Credit Card,Approved,East Tiffany,2023,1,4
100094,1632,2023-01-04,Online,Netflix,Clothing,135.0,Credit Card,Approved,South Dale,2023,1,4
100095,3214,2023-01-04,ATM,Uber,Travel,4685.77,Credit Card,Approved,West Taylorborough,2023,1,4
100096,4578,2023-01-05,Online,Apple Store,Entertainment,2988.07,Credit Card,Approved,Melissaville,2023,1,5
100097,4385,2023-01-05,Mobile Payment,Amazon,Electronics,939.91,UPI,Approved,Hernandezport,2023,1,5
100098,1406,2023-01-05,POS,BestBuy,Groceries,4722.89,Debit Card,Approved,Lake Victoriachester,2023,1,5
100099,4341,2023-01-05,Online,Target,Entertainment,2502.4049999999997,PayPal,Approved,Richardchester,2023,1,5
100100,1145,2023-01-05,Mobile Payment,Uber,Groceries,1277.06,PayPal,Declined,Christophermouth,2023,1,5
100101,3025,2023-01-05,Online,Target,Clothing,395.01,PayPal,Approved,Robertmouth,2023,1,5
100102,1522,2023-01-05,Mobile Payment,BestBuy,Clothing,1875.28,Debit Card,Approved,East Christopherburgh,2023,1,5
100103,2210,2023-01-05,ATM,Apple Store,Travel,2451.38,PayPal,Approved,Michaelmouth,2023,1,5
100104,4100,2023-01-05,ATM,Walmart,Dining,149.46,PayPal,Declined,Justinshire,2023,1,5
100105,3849,2023-01-05,Mobile Payment,Walmart,Entertainment,3571.0,Debit Card,Approved,Port Stevenside,2023,1,5
100106,2753,2023-01-05,POS,Target,Electronics,1643.06,Debit Card,Approved,Jamieton,2023,1,5
100107,3847,2023-01-05,POS,Apple Store,Clothing,155.6,PayPal,Approved,Blairmouth,2023,1,5
100108,1638,2023-01-05,ATM,Uber,Clothing,1326.21,UPI,Approved,Rosarioport,2023,1,5
100109,3890,2023-01-05,Online,Netflix,Groceries,987.94,PayPal,Approved,Lake Dennis,2023,1,5
100110,1894,2023-01-05,Online,Apple Store,Travel,1284.68,Credit Card,Approved,West Tyler,2023,1,5
100111,1159,2023-01-05,Mobile Payment,BestBuy,Entertainment,476.58,PayPal,Approved,Lake Courtney,2023,1,5
100112,4768,2023-01-05,Online,Walmart,Entertainment,2502.4049999999997,Debit Card,Approved,Hendersonfort,2023,1,5
100113,2701,2023-01-05,Online,Walmart,Electronics,4439.55,Credit Card,Approved,New Nicholashaven,2023,1,5
100114,2429,2023-01-05,Mobile Payment,Netflix,Travel,813.24,Credit Card,Approved,Lake Edwinberg,2023,1,5
100115,4856,2023-01-05,POS,Apple Store,Groceries,3106.05,Debit Card,Approved,Carolside,2023,1,5
100116,1942,2023-01-05,POS,Apple Store,Entertainment,4678.26,UPI,Approved,East Juliaberg,2023,1,5
100117,1725,2023-01-05,POS,Target,Dining,830.36,UPI,Approved,Zacharyhaven,2023,1,5
100118,1496,2023-01-05,Online,BestBuy,Travel,3538.75,PayPal,Approved,Brooksmouth,2023,1,5
100119,2180,2023-01-05,Online,Apple Store,Dining,1113.32,UPI,Pending,Jessicafort,2023,1,5
100120,4518,2023-01-06,Online,Netflix,Electronics,3529.09,Debit Card,Approved,West John,2023,1,6
100121,4513,2023-01-06,Online,Walmart,Dining,3722.03,Credit Card,Approved,South Scotthaven,2023,1,6
100122,4226,2023-01-06,Mobile Payment,Walmart,Clothing,3729.35,PayPal,Approved,East Lisafurt,2023,1,6
100123,3678,2023-01-06,Online,Target,Dining,3714.06,Credit Card,Approved,Lake Javierland,2023,1,6
100124,2928,2023-01-06,Mobile Payment,Walmart,Dining,2502.4049999999997,UPI,Approved,Shortland,2023,1,6
100125,3113,2023-01-06,Online,Netflix,Entertainment,3603.82,UPI,Approved,West Jonathan,2023,1,6
100126,1479,2023-01-06,Mobile Payment,Target,Clothing,4136.16,PayPal,Approved,Ellischester,2023,1,6
100127,4696,2023-01-06,Online,BestBuy,Entertainment,1700.03,Debit Card,Pending,East Josephmouth,2023,1,6
100128,1026,2023-01-06,Mobile Payment,Uber,Travel,4514.01,Credit Card,Approved,South Janiceside,2023,1,6
100129,4245,2023-01-06,POS,Target,Groceries,3757.79,PayPal,Approved,North Keithberg,2023,1,6
100130,3011,2023-01-06,ATM,Apple Store,Travel,2004.6,PayPal,Approved,Williamsshire,2023,1,6
100131,3344,2023-01-06,POS,Amazon,Groceries,3662.91,UPI,Approved,Timothyport,2023,1,6
100132,4691,2023-01-06,Mobile Payment,Uber,Electronics,2407.94,Debit Card,Approved,Thompsonland,2023,1,6
100133,2484,2023-01-06,Online,Netflix,Entertainment,1672.8,Credit Card,Pending,Port Hollyfurt,2023,1,6
100134,2053,2023-01-06,Mobile Payment,Amazon,Dining,4184.29,Debit Card,Approved,North Zacharyfort,2023,1,6
100135,4197,2023-01-06,Online,Apple Store,Clothing,990.26,Credit Card,Approved,Careyberg,2023,1,6
100136,3005,2023-01-06,POS,Uber,Groceries,4114.05,PayPal,Approved,East Rebeccaside,2023,1,6
100137,1632,2023-01-06,ATM,Walmart,Entertainment,2861.35,PayPal,Declined,Joelville,2023,1,6
100138,1033,2023-01-06,Online,Amazon,Dining,2502.4049999999997,UPI,Approved,West Mark,2023,1,6
100139,2600,2023-01-06,ATM,Netflix,Travel,1803.47,Credit Card,Approved,Brandonton,2023,1,6
100140,1586,2023-01-06,Online,Amazon,Entertainment,1870.51,Credit Card,Approved,West Beverlyton,2023,1,6
100141,3546,2023-01-06,POS,Uber,Electronics,3568.8,UPI,Approved,Port Johntown,2023,1,6
100142,2765,2023-01-06,Online,BestBuy,Dining,2339.42,Debit Card,Approved,Lake Jessicachester,2023,1,6
100143,2450,2023-01-06,POS,Target,Dining,1855.77,Debit Card,Approved,Liuburgh,2023,1,6
100144,3501,2023-01-07,ATM,Walmart,Groceries,4278.63,PayPal,Declined,Carlaview,2023,1,7
100145,3892,2023-01-07,Mobile Payment,BestBuy,Entertainment,4360.67,Credit Card,Approved,Port Christopher,2023,1,7
100146,1588,2023-01-07,Online,Walmart,Groceries,922.7,PayPal,Approved,Joyceside,2023,1,7
100147,4584,2023-01-07,POS,Walmart,Electronics,4750.28,Credit Card,Approved,Harrisfurt,2023,1,7
100148,3950,2023-01-07,ATM,Uber,Groceries,1045.72,UPI,Approved,Stephenburgh,2023,1,7
100149,3490,2023-01-07,Mobile Payment,Amazon,Groceries,1501.93,PayPal,Approved,East Frankchester,2023,1,7
100150,4557,2023-01-07,ATM,Apple Store,Groceries,4691.56,Credit Card,Approved,South Leslie,2023,1,7
100151,4880,2023-01-07,POS,Walmart,Groceries,3839.2,UPI,Unknown,Stevenview,2023,1,7
100152,1667,2023-01-07,ATM,BestBuy,Entertainment,4552.29,Debit Card,Approved,North Huntermouth,2023,1,7
100153,1909,2023-01-07,POS,Uber,Groceries,27.72,Credit Card,Approved,Turnerchester,2023,1,7
100154,4505,2023-01-07,Online,Walmart,Travel,2249.34,UPI,Approved,South Kevinmouth,2023,1,7
100155,3351,2023-01-07,Online,Target,Electronics,3075.07,Debit Card,Approved,Lake Aaronside,2023,1,7
100156,2397,2023-01-07,ATM,Walmart,Dining,3895.37,Debit Card,Approved,West Lindabury,2023,1,7
100157,1397,2023-01-07,Mobile Payment,Netflix,Travel,4292.38,Credit Card,Approved,Nelsonborough,2023,1,7
100158,3864,2023-01-07,POS,Walmart,Travel,3345.17,Credit Card,Approved,Porterborough,2023,1,7
100159,3586,2023-01-07,Mobile Payment,Uber,Travel,4859.98,Unknown,Unknown,Freemanside,2023,1,7
100160,4507,2023-01-07,Mobile Payment,Amazon,Clothing,3039.45,Debit Card,Approved,Bryanland,2023,1,7
100161,1663,2023-01-07,POS,BestBuy,Groceries,348.34,Debit Card,Approved,Espinozatown,2023,1,7
100162,1890,2023-01-07,Mobile Payment,Apple Store,Groceries,2886.11,PayPal,Approved,Taylorfurt,2023,1,7
100163,2507,2023-01-07,POS,BestBuy,Groceries,3422.04,Debit Card,Approved,Robertville,2023,1,7
100164,4271,2023-01-07,ATM,Amazon,Electronics,3023.33,PayPal,Approved,New Vanessa,2023,1,7
100165,3363,2023-01-07,POS,Amazon,Groceries,3658.9,Debit Card,Approved,Sheltonbury,2023,1,7
100166,4841,2023-01-07,ATM,Target,Clothing,1339.52,UPI,Approved,Jamieland,2023,1,7
100167,4405,2023-01-07,Mobile Payment,Amazon,Travel,4374.54,Credit Card,Approved,New Stevenmouth,2023,1,7
100168,2472,2023-01-08,ATM,Target,Travel,2502.4049999999997,Credit Card,Pending,New Felicia,2023,1,8
100169,2207,2023-01-08,ATM,Apple Store,Dining,2439.68,Debit Card,Declined,West Laurenshire,2023,1,8
100170,1855,2023-01-08,Online,Apple Store,Dining,4298.4,UPI,Approved,Marytown,2023,1,8
100171,3485,2023-01-08,POS,Target,Groceries,1089.4,PayPal,Pending,West Michaelview,2023,1,8
100172,1195,2023-01-08,POS,Netflix,Electronics,51.3,PayPal,Pending,Wendybury,2023,1,8
100173,2190,2023-01-08,Mobile Payment,Amazon,Electronics,3599.01,Credit Card,Approved,North Lauraburgh,2023,1,8
100174,2898,2023-01-08,Online,Amazon,Travel,3630.95,Credit Card,Approved,East Jonathanfurt,2023,1,8
100175,1578,2023-01-08,Mobile Payment,Netflix,Entertainment,1805.83,UPI,Declined,Jordanshire,2023,1,8
100176,2016,2023-01-08,Online,Target,Dining,3089.63,PayPal,Approved,East Kristenhaven,2023,1,8
100177,1300,2023-01-08,Mobile Payment,Uber,Electronics,2329.9,Debit Card,Approved,Allisonchester,2023,1,8
100178,4568,2023-01-08,ATM,BestBuy,Travel,1635.89,UPI,Approved,Stevenburgh,2023,1,8
100179,3562,2023-01-08,Mobile Payment,Unknown,Electronics,1839.99,UPI,Pending,Dannyton,2023,1,8
100180,3929,2023-01-08,Online,Uber,Travel,4947.09,UPI,Approved,Port Scottshire,2023,1,8
100181,1972,2023-01-08,ATM,BestBuy,Electronics,3249.76,PayPal,Approved,Port Sara,2023,1,8
100182,3574,2023-01-08,Online,Uber,Electronics,3036.72,PayPal,Approved,South Elizabethville,2023,1,8
100183,3415,2023-01-08,Online,BestBuy,Clothing,1426.95,Credit Card,Approved,Lake Timfort,2023,1,8
100184,2241,2023-01-08,Mobile Payment,Amazon,Electronics,3443.92,UPI,Approved,Joshuafort,2023,1,8
100185,3921,2023-01-08,Online,Amazon,Electronics,453.2,Debit Card,Approved,Sellersville,2023,1,8
100186,4229,2023-01-08,Mobile Payment,Amazon,Travel,985.82,Debit Card,Approved,Jillton,2023,1,8
100187,4934,2023-01-08,Online,Walmart,Travel,3856.9,Debit Card,Approved,Lake Steven,2023,1,8
100188,4339,2023-01-08,POS,Target,Unknown,3675.82,PayPal,Pending,New Christopher,2023,1,8
100189,4219,2023-01-08,ATM,Target,Clothing,2502.4049999999997,Credit Card,Approved,Kendraberg,2023,1,8
100190,4748,2023-01-08,POS,Netflix,Clothing,3837.32,Debit Card,Approved,North Jasonberg,2023,1,8
100191,4710,2023-01-08,POS,Netflix,Travel,2502.4049999999997,Debit Card,Approved,Port Amy,2023,1,8
100192,1422,2023-01-09,POS,Netflix,Entertainment,2685.4,Debit Card,Approved,West Theresaport,2023,1,9
100193,3779,2023-01-09,Mobile Payment,Amazon,Groceries,3371.75,Credit Card,Approved,North Davidside,2023,1,9
100194,1910,2023-01-09,Mobile Payment,Amazon,Groceries,3907.28,PayPal,Approved,Lake Matthewberg,2023,1,9
100195,2316,2023-01-09,POS,Uber,Clothing,222.91,Debit Card,Approved,North Christopherstad,2023,1,9
100196,4093,2023-01-09,Mobile Payment,Uber,Electronics,3172.67,Debit Card,Approved,New Stephenfurt,2023,1,9
100197,4154,2023-01-09,Online,Uber,Travel,4386.11,Unknown,Pending,East Melissafurt,2023,1,9
100198,4018,2023-01-09,Mobile Payment,Netflix,Clothing,3496.37,PayPal,Approved,Schmidtburgh,2023,1,9
100199,2793,2023-01-09,POS,Netflix,Entertainment,4498.88,PayPal,Approved,New Victoria,2023,1,9
100200,2340,2023-01-09,Online,Amazon,Dining,4456.24,Credit Card,Pending,Finleybury,2023,1,9
100201,3759,2023-01-09,Mobile Payment,Amazon,Groceries,641.86,Debit Card,Approved,Lake Amy,2023,1,9
100202,4030,2023-01-09,Mobile Payment,Apple Store,Dining,3715.44,Debit Card,Approved,Omarstad,2023,1,9
100203,2177,2023-01-09,Mobile Payment,Amazon,Unknown,2849.42,Debit Card,Approved,Port Ericabury,2023,1,9
100204,2446,2023-01-09,Mobile Payment,Amazon,Unknown,1137.48,UPI,Approved,Simpsonview,2023,1,9
100205,2489,2023-01-09,Mobile Payment,Target,Unknown,2368.83,Credit Card,Approved,Hannahport,2023,1,9
100206,3552,2023-01-09,ATM,BestBuy,Groceries,2057.65,UPI,Approved,South Todd,2023,1,9
100207,1910,2023-01-09,Online,Amazon,Groceries,175.36,Credit Card,Declined,Port Michaelfurt,2023,1,9
100208,4724,2023-01-09,ATM,Amazon,Electronics,4469.1,Credit Card,Pending,New Pamelahaven,2023,1,9
100209,4981,2023-01-09,Mobile Payment,Target,Entertainment,434.99,Debit Card,Approved,East Shelby,2023,1,9
100210,3601,2023-01-09,Online,Walmart,Entertainment,1860.15,PayPal,Approved,West Cassandra,2023,1,9
100211,1278,2023-01-09,ATM,Netflix,Clothing,1482.81,Debit Card,Approved,East Johnstad,2023,1,9
100212,1018,2023-01-09,ATM,Target,Clothing,4721.26,PayPal,Declined,Ronaldchester,2023,1,9
100213,2014,2023-01-09,Mobile Payment,Walmart,Clothing,4303.53,Debit Card,Declined,Lake Taylorshire,2023,1,9
100214,2637,2023-01-09,Online,Amazon,Clothing,387.89,PayPal,Approved,Hodgemouth,2023,1,9
100215,2146,2023-01-09,Online,BestBuy,Dining,4838.06,UPI,Approved,North Kelseytown,2023,1,9
100216,4347,2023-01-10,ATM,Amazon,Electronics,3434.31,PayPal,Pending,Lake Juliemouth,2023,1,10
100217,3301,2023-01-10,POS,Netflix,Groceries,1320.66,Credit Card,Pending,Mcclureland,2023,1,10
100218,1298,2023-01-10,Online,Amazon,Groceries,1693.17,Credit Card,Approved,Gouldmouth,2023,1,10
100219,4082,2023-01-10,Online,Netflix,Groceries,2271.36,Debit Card,Approved,Woodland,2023,1,10
100220,1105,2023-01-10,Mobile Payment,BestBuy,Groceries,4792.23,PayPal,Approved,Anthonyhaven,2023,1,10
100221,2496,2023-01-10,Online,BestBuy,Electronics,2405.13,Credit Card,Approved,Lake Ronald,2023,1,10
100222,2187,2023-01-10,POS,Uber,Clothing,4321.15,PayPal,Declined,East Gregoryville,2023,1,10
100223,3757,2023-01-10,Online,Netflix,Travel,2593.37,Credit Card,Approved,Allenmouth,2023,1,10
100224,2220,2023-01-10,Online,Target,Dining,3912.24,Credit Card,Approved,East Davidborough,2023,1,10
100225,4799,2023-01-10,Online,Apple Store,Electronics,3738.61,Credit Card,Approved,East Jesusside,2023,1,10
100226,3790,2023-01-10,POS,Netflix,Groceries,174.45,Credit Card,Approved,South Jason,2023,1,10
100227,1516,2023-01-10,Mobile Payment,Netflix,Travel,419.62,Debit Card,Approved,Jenniferland,2023,1,10
100228,3249,2023-01-10,POS,Netflix,Groceries,3460.81,PayPal,Declined,Port Rebeccamouth,2023,1,10
100229,4560,2023-01-10,POS,Netflix,Clothing,3154.49,Debit Card,Approved,Mitchellmouth,2023,1,10
100230,1092,2023-01-10,ATM,Uber,Dining,224.79,Debit Card,Approved,New Annafort,2023,1,10
100231,1714,2023-01-10,ATM,Apple Store,Dining,2627.21,UPI,Approved,Kingborough,2023,1,10
100232,4690,2023-01-10,POS,Uber,Travel,1758.86,Debit Card,Approved,Laurietown,2023,1,10
100233,4203,2023-01-10,ATM,Target,Groceries,1498.82,PayPal,Pending,South Jimmy,2023,1,10
100234,1581,2023-01-10,POS,Walmart,Groceries,3654.42,PayPal,Approved,Reedfort,2023,1,10
100235,4791,2023-01-10,ATM,Apple Store,Groceries,4857.68,UPI,Approved,Kaiserton,2023,1,10
100236,1109,2023-01-10,Mobile Payment,Walmart,Clothing,1432.2,PayPal,Approved,Jonesborough,2023,1,10
100237,1307,2023-01-10,Mobile Payment,Netflix,Dining,3297.07,UPI,Approved,Dayport,2023,1,10
100238,4763,2023-01-10,Online,Apple Store,Electronics,2877.61,PayPal,Declined,Port Debbietown,2023,1,10
100239,2053,2023-01-10,ATM,Netflix,Dining,3967.1,UPI,Approved,Port Donna,2023,1,10
100240,1600,2023-01-11,POS,Uber,Travel,4439.82,UPI,Approved,Jonathanburgh,2023,1,11
100241,1038,2023-01-11,Mobile Payment,Apple Store,Groceries,783.85,UPI,Pending,Kevinfurt,2023,1,11
100242,3881,2023-01-11,Online,Walmart,Clothing,228.77,Credit Card,Approved,South Juan,2023,1,11
100243,1320,2023-01-11,Online,Target,Travel,642.17,Debit Card,Approved,Kristaside,2023,1,11
100244,3579,2023-01-11,ATM,BestBuy,Entertainment,1360.22,UPI,Approved,East Nancyton,2023,1,11
100245,1088,2023-01-11,ATM,Netflix,Groceries,995.94,Debit Card,Approved,East Kristine,2023,1,11
100246,2069,2023-01-11,Online,Amazon,Clothing,2255.35,Credit Card,Declined,South Cristian,2023,1,11
100247,3080,2023-01-11,ATM,Target,Clothing,523.4,PayPal,Approved,Castroland,2023,1,11
100248,1742,2023-01-11,ATM,Target,Groceries,4007.85,PayPal,Approved,Port Laurenfurt,2023,1,11
100249,2382,2023-01-11,Mobile Payment,BestBuy,Entertainment,33.87,UPI,Declined,Schwartzville,2023,1,11
100250,4348,2023-01-11,ATM,Apple Store,Groceries,212.92,Credit Card,Approved,Port Seanhaven,2023,1,11
100251,4684,2023-01-11,Online,Walmart,Travel,3931.67,UPI,Approved,Nashfurt,2023,1,11
100252,1606,2023-01-11,POS,BestBuy,Dining,2853.82,UPI,Approved,Kellyfort,2023,1,11
100253,1540,2023-01-11,ATM,Apple Store,Groceries,3452.77,PayPal,Approved,Jackieborough,2023,1,11
100254,3032,2023-01-11,Mobile Payment,BestBuy,Clothing,3835.87,UPI,Approved,New Ashley,2023,1,11
100255,3278,2023-01-11,Mobile Payment,Netflix,Groceries,414.67,Debit Card,Approved,Colemanside,2023,1,11
100256,4691,2023-01-11,ATM,Walmart,Electronics,130.34,PayPal,Approved,Bellhaven,2023,1,11
100257,4716,2023-01-11,Mobile Payment,Netflix,Travel,1672.31,PayPal,Declined,Robertmouth,2023,1,11
100258,4368,2023-01-11,Mobile Payment,Apple Store,Groceries,2530.7,PayPal,Approved,Burgessmouth,2023,1,11
100259,1985,2023-01-11,POS,Target,Travel,1618.5,UPI,Approved,South Kristiemouth,2023,1,11
100260,2708,2023-01-11,POS,Netflix,Entertainment,4936.18,Debit Card,Approved,Port Pamelafort,2023,1,11
100261,3952,2023-01-11,Online,Uber,Groceries,2349.0,UPI,Approved,East Kimberly,2023,1,11
100262,3204,2023-01-11,POS,Amazon,Dining,4284.63,PayPal,Approved,East Zacharyhaven,2023,1,11
100263,1667,2023-01-11,ATM,Apple Store,Groceries,1848.22,UPI,Declined,East Fred,2023,1,11
100264,4961,2023-01-12,POS,Target,Entertainment,1371.32,Credit Card,Approved,Collinsmouth,2023,1,12
100265,4586,2023-01-12,ATM,Walmart,Travel,3841.06,Debit Card,Declined,South Jessicastad,2023,1,12
100266,1496,2023-01-12,Online,Target,Electronics,4333.74,PayPal,Approved,Loritown,2023,1,12
100267,2448,2023-01-12,POS,Netflix,Groceries,1972.03,UPI,Approved,North William,2023,1,12
100268,2756,2023-01-12,Online,Target,Dining,2829.97,Debit Card,Approved,Evelynburgh,2023,1,12
100269,4702,2023-01-12,Mobile Payment,Apple Store,Electronics,1426.92,UPI,Approved,Conniefort,2023,1,12
100270,2746,2023-01-12,Online,Target,Entertainment,3223.8,Debit Card,Approved,Acostahaven,2023,1,12
100271,1198,2023-01-12,ATM,Walmart,Entertainment,3148.79,UPI,Approved,Loriland,2023,1,12
100272,2896,2023-01-12,ATM,Walmart,Entertainment,875.09,Debit Card,Approved,Lake Brandonmouth,2023,1,12
100273,2924,2023-01-12,Mobile Payment,Target,Travel,1287.95,UPI,Approved,South Natalieton,2023,1,12
100274,2610,2023-01-12,ATM,Apple Store,Clothing,2367.7,UPI,Approved,West Elizabethmouth,2023,1,12
100275,1918,2023-01-12,POS,Amazon,Dining,1028.21,PayPal,Approved,Smithchester,2023,1,12
100276,4135,2023-01-12,ATM,Target,Dining,2999.87,UPI,Approved,Lake Nicholasside,2023,1,12
100277,2670,2023-01-12,POS,Netflix,Electronics,2121.09,Debit Card,Approved,Michaelside,2023,1,12
100278,4475,2023-01-12,POS,Walmart,Travel,1612.8,UPI,Approved,East Sherihaven,2023,1,12
100279,2049,2023-01-12,Online,Uber,Travel,4924.77,UPI,Approved,Ryanside,2023,1,12
100280,3277,2023-01-12,ATM,Apple Store,Entertainment,897.98,PayPal,Approved,Port Justin,2023,1,12
100281,1118,2023-01-12,Mobile Payment,Target,Clothing,2455.85,UPI,Approved,North Jessicaburgh,2023,1,12
100282,3821,2023-01-12,ATM,Netflix,Clothing,1402.98,UPI,Approved,Scottview,2023,1,12
100283,4665,2023-01-12,Online,Amazon,Travel,4958.69,UPI,Approved,Lake Nicholeville,2023,1,12
100284,4740,2023-01-12,POS,Amazon,Groceries,4332.24,Credit Card,Approved,Port Cory,2023,1,12
100285,3334,2023-01-12,Mobile Payment,BestBuy,Electronics,1129.54,Debit Card,Approved,Powellville,2023,1,12
100286,1926,2023-01-12,Mobile Payment,Amazon,Entertainment,1465.75,Credit Card,Declined,Chelseatown,2023,1,12
100287,3818,2023-01-12,POS,Target,Travel,4238.98,Credit Card,Approved,East Adrian,2023,1,12
100288,1641,2023-01-13,ATM,BestBuy,Clothing,111.42,PayPal,Approved,Port Jason,2023,1,13
100289,2610,2023-01-13,POS,Uber,Travel,1647.61,PayPal,Approved,New Charles,2023,1,13
100290,3606,2023-01-13,Online,Uber,Electronics,1469.97,PayPal,Approved,Douglasport,2023,1,13
100291,3924,2023-01-13,Online,Walmart,Dining,3036.08,Credit Card,Approved,Martinezport,2023,1,13
100292,4872,2023-01-13,ATM,Walmart,Groceries,991.85,Debit Card,Approved,New Brookemouth,2023,1,13
100293,2396,2023-01-13,Mobile Payment,Uber,Entertainment,3937.53,Debit Card,Approved,Caseyton,2023,1,13
100294,1154,2023-01-13,Mobile Payment,Walmart,Dining,2254.69,UPI,Approved,Ashleyport,2023,1,13
100295,3135,2023-01-13,Online,Uber,Dining,1056.41,PayPal,Approved,Hannahbury,2023,1,13
100296,1539,2023-01-13,POS,Target,Dining,619.09,PayPal,Approved,Port Matthewberg,2023,1,13
100297,2655,2023-01-13,Online,Amazon,Clothing,1357.83,Credit Card,Approved,Lake Nathan,2023,1,13
100298,3376,2023-01-13,Mobile Payment,Apple Store,Electronics,3201.67,PayPal,Approved,New Sarahton,2023,1,13
100299,4822,2023-01-13,POS,Netflix,Groceries,946.48,UPI,Approved,Lake Christopher,2023,1,13
100300,1463,2023-01-13,ATM,Walmart,Electronics,4118.78,Debit Card,Approved,South Amandaberg,2023,1,13
100301,4543,2023-01-13,POS,Amazon,Dining,4527.17,PayPal,Approved,Stephenchester,2023,1,13
100302,3429,2023-01-13,ATM,Walmart,Dining,931.55,Credit Card,Approved,New Nathanhaven,2023,1,13
100303,4991,2023-01-13,Online,Uber,Dining,4469.48,Debit Card,Approved,South Virginia,2023,1,13
100304,2511,2023-01-13,Mobile Payment,Walmart,Groceries,869.12,UPI,Approved,Morenomouth,2023,1,13
100305,1109,2023-01-13,ATM,Walmart,Groceries,1236.31,UPI,Approved,Douglasfurt,2023,1,13
100306,4590,2023-01-13,Online,Walmart,Dining,4445.82,PayPal,Approved,Gonzalesstad,2023,1,13
100307,4464,2023-01-13,POS,Walmart,Groceries,1759.36,Credit Card,Approved,West Karl,2023,1,13
100308,4917,2023-01-13,Mobile Payment,Target,Travel,1148.3,PayPal,Declined,Knappbury,2023,1,13
100309,4873,2023-01-13,Online,Walmart,Clothing,2597.55,PayPal,Approved,Port Shannon,2023,1,13
100310,3203,2023-01-13,Online,Amazon,Clothing,2708.79,PayPal,Pending,East James,2023,1,13
100311,2017,2023-01-13,Online,Netflix,Electronics,2816.32,Credit Card,Approved,Alanbury,2023,1,13
100312,1376,2023-01-14,Mobile Payment,Apple Store,Entertainment,1679.0,Debit Card,Approved,Daniellemouth,2023,1,14
100313,4895,2023-01-14,ATM,Amazon,Entertainment,3667.76,PayPal,Approved,Johnsonfort,2023,1,14
100314,1726,2023-01-14,Mobile Payment,BestBuy,Groceries,4316.55,Debit Card,Approved,Jessicahaven,2023,1,14
100315,4011,2023-01-14,ATM,BestBuy,Travel,309.41,UPI,Approved,West Jade,2023,1,14
100316,3094,2023-01-14,Mobile Payment,Apple Store,Entertainment,3079.52,Debit Card,Pending,Ericland,2023,1,14
100317,2163,2023-01-14,Online,Target,Dining,3706.17,Debit Card,Approved,Darrenport,2023,1,14
100318,3954,2023-01-14,Mobile Payment,Uber,Clothing,4009.53,UPI,Approved,Port Daniel,2023,1,14
100319,1813,2023-01-14,Online,Uber,Dining,4323.52,UPI,Approved,Carpenterfort,2023,1,14
100320,2174,2023-01-14,Online,Netflix,Dining,147.74,UPI,Approved,Port Jesse,2023,1,14
100321,4340,2023-01-14,Online,Apple Store,Travel,4266.8,Credit Card,Declined,Schneiderberg,2023,1,14
100322,3589,2023-01-14,Mobile Payment,Target,Electronics,4248.86,Debit Card,Approved,Mullinsmouth,2023,1,14
100323,1860,2023-01-14,POS,Amazon,Groceries,559.31,PayPal,Approved,Nancyport,2023,1,14
100324,3662,2023-01-14,POS,Target,Entertainment,3428.91,Credit Card,Approved,Kaitlynport,2023,1,14
100325,1804,2023-01-14,POS,Netflix,Entertainment,1857.54,Debit Card,Approved,West Sandra,2023,1,14
100326,4299,2023-01-14,Mobile Payment,Netflix,Travel,1201.07,Credit Card,Approved,New Christinaville,2023,1,14
100327,4042,2023-01-14,Mobile Payment,Netflix,Groceries,1898.89,UPI,Approved,Olivialand,2023,1,14
100328,2247,2023-01-14,Online,Walmart,Clothing,118.91,Credit Card,Declined,Villarrealtown,2023,1,14
100329,1436,2023-01-14,ATM,Netflix,Electronics,4145.43,Credit Card,Pending,Georgeview,2023,1,14
100330,3154,2023-01-14,Online,Amazon,Clothing,924.79,Credit Card,Declined,Lake Randall,2023,1,14
100331,1769,2023-01-14,Online,Netflix,Dining,1561.59,Credit Card,Approved,New Josephchester,2023,1,14
100332,1621,2023-01-14,Mobile Payment,Target,Electronics,961.77,Credit Card,Approved,Michaelchester,2023,1,14
100333,3302,2023-01-14,ATM,Netflix,Entertainment,4828.02,UPI,Approved,Port Jackie,2023,1,14
100334,4346,2023-01-14,POS,Amazon,Electronics,21.26,Debit Card,Declined,Valenciaburgh,2023,1,14
100335,2551,2023-01-14,Online,Netflix,Electronics,549.16,PayPal,Approved,Port Ericside,2023,1,14
100336,2521,2023-01-15,Mobile Payment,Walmart,Clothing,4288.58,PayPal,Declined,North Isabellaport,2023,1,15
100337,3434,2023-01-15,Mobile Payment,Netflix,Entertainment,4748.95,Debit Card,Approved,Jennifermouth,2023,1,15
100338,1310,2023-01-15,Online,Target,Entertainment,3124.19,Debit Card,Approved,East Jonathan,2023,1,15
100339,1552,2023-01-15,Mobile Payment,Target,Travel,1840.18,Debit Card,Approved,Ericaton,2023,1,15
100340,1480,2023-01-15,Online,Netflix,Groceries,2874.79,Debit Card,Approved,South Sarahville,2023,1,15
100341,3216,2023-01-15,Mobile Payment,Netflix,Electronics,3921.62,Debit Card,Approved,East Kaylaborough,2023,1,15
100342,3402,2023-01-15,Mobile Payment,Walmart,Dining,975.34,Credit Card,Approved,New Michelleborough,2023,1,15
100343,2763,2023-01-15,Online,Target,Electronics,3099.85,PayPal,Approved,Popeberg,2023,1,15
100344,2823,2023-01-15,Online,Walmart,Electronics,89.79,UPI,Approved,Woodstown,2023,1,15
100345,2074,2023-01-15,ATM,Apple Store,Dining,911.01,UPI,Approved,Lake Ronaldville,2023,1,15
100346,4205,2023-01-15,POS,Target,Travel,4894.57,PayPal,Approved,East Aprilhaven,2023,1,15
100347,2670,2023-01-15,POS,Uber,Clothing,2750.89,Debit Card,Approved,Port Sarahview,2023,1,15
100348,3388,2023-01-15,POS,Amazon,Groceries,4027.9,PayPal,Approved,Lake Katherinechester,2023,1,15
100349,2044,2023-01-15,ATM,Apple Store,Electronics,3674.89,PayPal,Approved,South Desiree,2023,1,15
100350,4637,2023-01-15,Mobile Payment,BestBuy,Electronics,1646.11,Credit Card,Approved,Mollyville,2023,1,15
100351,4223,2023-01-15,POS,Uber,Electronics,2554.31,Credit Card,Approved,South Michael,2023,1,15
100352,1121,2023-01-15,ATM,Target,Electronics,4248.63,Credit Card,Approved,Lindsayland,2023,1,15
100353,3637,2023-01-15,Online,Apple Store,Groceries,1025.14,PayPal,Approved,Port Cheyennefurt,2023,1,15
100354,3908,2023-01-15,ATM,Uber,Travel,4121.9,UPI,Approved,North Rachelborough,2023,1,15
100355,1145,2023-01-15,POS,Netflix,Dining,3810.85,Credit Card,Approved,Johnsonland,2023,1,15
100356,2092,2023-01-15,Online,Uber,Clothing,3326.14,UPI,Approved,Wrightberg,2023,1,15
100357,4228,2023-01-15,POS,Target,Groceries,4740.17,PayPal,Approved,North Angela,2023,1,15
100358,3494,2023-01-15,POS,Amazon,Travel,1745.75,Debit Card,Approved,Heiditown,2023,1,15
100359,4414,2023-01-15,Mobile Payment,Uber,Travel,4104.71,UPI,Approved,Rogerston,2023,1,15
100360,2176,2023-01-16,Mobile Payment,Netflix,Groceries,2381.99,Debit Card,Approved,Lake Oliviaborough,2023,1,16
100361,1962,2023-01-16,POS,Walmart,Dining,1394.92,Debit Card,Approved,Catherineland,2023,1,16
100362,3172,2023-01-16,POS,Target,Clothing,3307.7,PayPal,Approved,Rhondaburgh,2023,1,16
100363,3902,2023-01-16,Mobile Payment,Walmart,Electronics,3891.77,Credit Card,Approved,Hickston,2023,1,16
100364,4479,2023-01-16,Online,Walmart,Clothing,3868.66,Credit Card,Approved,East Stevenmouth,2023,1,16
100365,1954,2023-01-16,Mobile Payment,Target,Electronics,1727.97,UPI,Approved,New Cynthiafort,2023,1,16
100366,4833,2023-01-16,Online,Walmart,Groceries,2144.82,Debit Card,Pending,West Kevinmouth,2023,1,16
100367,1512,2023-01-16,Online,Target,Clothing,2044.92,Credit Card,Pending,Andersonstad,2023,1,16
100368,4739,2023-01-16,ATM,Walmart,Entertainment,4159.18,UPI,Approved,North Sonyashire,2023,1,16
100369,4520,2023-01-16,POS,Target,Electronics,1436.47,PayPal,Declined,Charlestown,2023,1,16
100370,3241,2023-01-16,Mobile Payment,Amazon,Dining,3516.79,Credit Card,Approved,Michaelmouth,2023,1,16
100371,2647,2023-01-16,Online,Amazon,Dining,304.03,Debit Card,Approved,Bradleyborough,2023,1,16
100372,3958,2023-01-16,POS,Uber,Clothing,1584.21,UPI,Declined,Lake Jillhaven,2023,1,16
100373,4095,2023-01-16,ATM,Apple Store,Electronics,1095.42,Credit Card,Approved,Stephenton,2023,1,16
100374,1522,2023-01-16,Online,Walmart,Clothing,2335.76,PayPal,Approved,Jenniferside,2023,1,16
100375,3247,2023-01-16,Mobile Payment,Amazon,Groceries,2893.94,PayPal,Declined,Whiteside,2023,1,16
100376,3324,2023-01-16,Online,Amazon,Entertainment,4603.82,UPI,Pending,North Jamesshire,2023,1,16
100377,2857,2023-01-16,POS,Walmart,Dining,661.85,UPI,Approved,Port Kristine,2023,1,16
100378,1249,2023-01-16,ATM,Amazon,Travel,1610.28,UPI,Approved,West Nathaniel,2023,1,16
100379,4684,2023-01-16,Online,Netflix,Entertainment,4043.27,UPI,Approved,Lake Ronaldberg,2023,1,16
100380,3538,2023-01-16,ATM,Walmart,Dining,303.35,PayPal,Pending,West Susanbury,2023,1,16
100381,2178,2023-01-16,POS,BestBuy,Travel,4285.83,Credit Card,Approved,Lake Joyce,2023,1,16
100382,1661,2023-01-16,Mobile Payment,Netflix,Electronics,28.04,UPI,Approved,Lake Kendraborough,2023,1,16
100383,4424,2023-01-16,Mobile Payment,Amazon,Groceries,4550.73,Credit Card,Declined,North Tyler,2023,1,16
100384,3660,2023-01-17,Mobile Payment,Walmart,Groceries,596.29,Credit Card,Declined,Christopherfort,2023,1,17
100385,3368,2023-01-17,Online,Apple Store,Dining,2779.41,UPI,Approved,East Brookeville,2023,1,17
100386,4128,2023-01-17,Online,Uber,Clothing,1814.14,Credit Card,Approved,South Julietown,2023,1,17
100387,2352,2023-01-17,Online,Walmart,Entertainment,3503.09,Credit Card,Approved,Kimport,2023,1,17
100388,3039,2023-01-17,Online,Amazon,Dining,2061.34,UPI,Declined,West Erinchester,2023,1,17
100389,4658,2023-01-17,Online,Target,Entertainment,2250.99,PayPal,Approved,Lake Wendy,2023,1,17
100390,2060,2023-01-17,ATM,Uber,Entertainment,4431.69,UPI,Approved,Blackwellport,2023,1,17
100391,2205,2023-01-17,Online,Target,Electronics,532.2,UPI,Approved,North Dominicside,2023,1,17
100392,4112,2023-01-17,ATM,Uber,Electronics,372.33,Debit Card,Approved,Lake Nicholas,2023,1,17
100393,1821,2023-01-17,ATM,Uber,Entertainment,2688.65,UPI,Approved,West Christopher,2023,1,17
100394,1615,2023-01-17,Online,BestBuy,Dining,761.21,UPI,Approved,South Cindy,2023,1,17
100395,4965,2023-01-17,Mobile Payment,Target,Groceries,2137.51,PayPal,Approved,New Nancyview,2023,1,17
100396,3008,2023-01-17,Mobile Payment,Apple Store,Entertainment,397.73,UPI,Approved,Donnaport,2023,1,17
100397,1687,2023-01-17,POS,Walmart,Groceries,4408.9,PayPal,Approved,Bonillaview,2023,1,17
100398,2239,2023-01-17,Mobile Payment,Uber,Entertainment,888.66,Debit Card,Approved,Ortizstad,2023,1,17
100399,4523,2023-01-17,ATM,Netflix,Entertainment,252.31,Credit Card,Approved,Lake Brianchester,2023,1,17
100400,4111,2023-01-17,POS,Netflix,Dining,3806.08,Debit Card,Approved,Juliaton,2023,1,17
100401,4092,2023-01-17,ATM,Netflix,Dining,4088.54,UPI,Approved,Lynnville,2023,1,17
100402,2687,2023-01-17,Online,Apple Store,Groceries,2272.88,PayPal,Approved,Lake Scottview,2023,1,17
100403,1702,2023-01-17,ATM,Target,Travel,2788.3,Debit Card,Pending,East Dawnport,2023,1,17
100404,4032,2023-01-17,Mobile Payment,BestBuy,Clothing,1408.34,Debit Card,Approved,Port Charles,2023,1,17
100405,4812,2023-01-17,Online,Uber,Clothing,4406.27,Credit Card,Approved,Colemanmouth,2023,1,17
100406,2720,2023-01-17,POS,Uber,Electronics,991.31,PayPal,Approved,Wilkersonmouth,2023,1,17
100407,3744,2023-01-17,ATM,BestBuy,Electronics,3825.73,Credit Card,Approved,New Lindaton,2023,1,17
100408,1651,2023-01-18,Mobile Payment,Target,Electronics,544.72,PayPal,Declined,Smithville,2023,1,18
100409,2354,2023-01-18,POS,Target,Dining,4510.89,Debit Card,Approved,Jordanbury,2023,1,18
100410,3637,2023-01-18,Mobile Payment,Apple Store,Entertainment,325.91,Credit Card,Approved,New Tiffany,2023,1,18
100411,4141,2023-01-18,ATM,Uber,Dining,1293.31,UPI,Approved,Lake Robert,2023,1,18
100412,2596,2023-01-18,POS,Uber,Travel,959.89,Debit Card,Approved,Moniqueville,2023,1,18
100413,4108,2023-01-18,ATM,Apple Store,Electronics,8.85,Credit Card,Approved,South Jessica,2023,1,18
100414,2541,2023-01-18,Mobile Payment,Amazon,Electronics,760.61,Debit Card,Declined,Pattychester,2023,1,18
100415,2938,2023-01-18,ATM,Apple Store,Travel,1516.33,UPI,Approved,North Deborahton,2023,1,18
100416,2470,2023-01-18,POS,Uber,Electronics,1982.98,PayPal,Declined,Yoderbury,2023,1,18
100417,2008,2023-01-18,POS,Uber,Entertainment,213.39,Debit Card,Declined,Janetfurt,2023,1,18
100418,3118,2023-01-18,Mobile Payment,Amazon,Travel,2578.85,Credit Card,Pending,Davidside,2023,1,18
100419,1025,2023-01-18,Online,Amazon,Travel,1627.62,UPI,Approved,Port Kayla,2023,1,18
100420,3089,2023-01-18,POS,BestBuy,Travel,2115.69,Debit Card,Approved,Rodriguezstad,2023,1,18
100421,2451,2023-01-18,POS,Uber,Travel,2759.22,Debit Card,Approved,Port Dylanside,2023,1,18
100422,3613,2023-01-18,Online,Apple Store,Travel,2632.08,PayPal,Approved,Ethanville,2023,1,18
100423,2534,2023-01-18,Mobile Payment,Netflix,Travel,3919.0,Credit Card,Approved,Hensonborough,2023,1,18
100424,2621,2023-01-18,Online,Uber,Travel,3085.37,UPI,Approved,Josemouth,2023,1,18
100425,2634,2023-01-18,ATM,Uber,Clothing,4793.38,Credit Card,Approved,East Lisa,2023,1,18
100426,1654,2023-01-18,ATM,Target,Entertainment,2031.56,Debit Card,Declined,East Thomas,2023,1,18
100427,1413,2023-01-18,Mobile Payment,Uber,Dining,127.1,Debit Card,Approved,Danielburgh,2023,1,18
100428,1770,2023-01-18,ATM,Amazon,Travel,103.16,UPI,Approved,Brettland,2023,1,18
100429,3036,2023-01-18,Online,Walmart,Clothing,4261.5,UPI,Approved,Lisaton,2023,1,18
100430,1186,2023-01-18,POS,Target,Electronics,2353.19,Credit Card,Pending,South Brittany,2023,1,18
100431,1261,2023-01-18,Mobile Payment,Netflix,Groceries,378.33,UPI,Approved,Martinezland,2023,1,18
100432,4858,2023-01-19,ATM,Target,Dining,652.04,UPI,Approved,Elizabethview,2023,1,19
100433,2586,2023-01-19,Mobile Payment,Target,Dining,4175.25,UPI,Approved,North Shannon,2023,1,19
100434,1745,2023-01-19,POS,Netflix,Entertainment,1554.08,UPI,Declined,North Sherrybury,2023,1,19
100435,1903,2023-01-19,POS,Apple Store,Clothing,192.03,Debit Card,Approved,West Katherineview,2023,1,19
100436,4945,2023-01-19,POS,Walmart,Clothing,1195.08,Debit Card,Approved,Richardton,2023,1,19
100437,3889,2023-01-19,POS,Amazon,Electronics,1739.37,Credit Card,Approved,Evansborough,2023,1,19
100438,2130,2023-01-19,POS,Walmart,Electronics,4038.73,Debit Card,Approved,Lake Jennifer,2023,1,19
100439,2393,2023-01-19,ATM,Target,Travel,1909.04,Debit Card,Approved,Michelleton,2023,1,19
100440,3806,2023-01-19,POS,Netflix,Dining,2684.1,PayPal,Approved,South Zoe,2023,1,19
100441,3266,2023-01-19,POS,Walmart,Dining,4693.89,Credit Card,Approved,Port Shawnview,2023,1,19
100442,4414,2023-01-19,Online,Amazon,Dining,2669.62,Debit Card,Approved,South Jennifer,2023,1,19
100443,2160,2023-01-19,POS,Amazon,Electronics,3193.85,PayPal,Pending,Lake Timothyfurt,2023,1,19
100444,3420,2023-01-19,Mobile Payment,Apple Store,Travel,4237.5,UPI,Approved,Amberborough,2023,1,19
100445,1777,2023-01-19,Mobile Payment,Apple Store,Dining,3854.0,PayPal,Approved,Mercadofort,2023,1,19
100446,2942,2023-01-19,POS,Amazon,Electronics,3863.78,Credit Card,Approved,Harmonport,2023,1,19
100447,3088,2023-01-19,POS,Walmart,Electronics,2345.3,PayPal,Approved,Thomasburgh,2023,1,19
100448,1351,2023-01-19,Online,Amazon,Dining,1575.67,Credit Card,Approved,New Jamieshire,2023,1,19
100449,3859,2023-01-19,POS,Netflix,Travel,1212.81,Debit Card,Approved,North Edwin,2023,1,19
100450,4615,2023-01-19,Mobile Payment,BestBuy,Electronics,4914.98,Credit Card,Approved,Millermouth,2023,1,19
100451,4131,2023-01-19,Online,Amazon,Dining,2668.54,PayPal,Approved,Fischerhaven,2023,1,19
100452,3434,2023-01-19,POS,BestBuy,Electronics,2417.89,PayPal,Approved,Raymondberg,2023,1,19
100453,2953,2023-01-19,POS,Netflix,Electronics,699.62,Debit Card,Pending,Port Jamie,2023,1,19
100454,2539,2023-01-19,Mobile Payment,Apple Store,Dining,3736.34,UPI,Approved,Brownshire,2023,1,19
100455,1015,2023-01-19,Mobile Payment,Walmart,Clothing,415.79,Debit Card,Declined,East Erica,2023,1,19
100456,3291,2023-01-20,POS,Walmart,Groceries,2722.1,Credit Card,Approved,West Stephaniemouth,2023,1,20
100457,1870,2023-01-20,POS,Netflix,Clothing,4481.53,PayPal,Approved,Lake Joshuamouth,2023,1,20
100458,4832,2023-01-20,Mobile Payment,Apple Store,Travel,2068.92,Credit Card,Approved,North Janet,2023,1,20
100459,2349,2023-01-20,ATM,Walmart,Electronics,2736.89,UPI,Approved,North Jessicamouth,2023,1,20
100460,1330,2023-01-20,Online,Apple Store,Dining,1907.9,UPI,Approved,Garciashire,2023,1,20
100461,3614,2023-01-20,Mobile Payment,Amazon,Entertainment,4375.4,Debit Card,Approved,Angelashire,2023,1,20
100462,1699,2023-01-20,Online,BestBuy,Groceries,3546.4,Debit Card,Approved,North David,2023,1,20
100463,2190,2023-01-20,POS,Target,Entertainment,4138.7,PayPal,Approved,West Kathryn,2023,1,20
100464,2188,2023-01-20,Online,Netflix,Travel,3791.27,UPI,Approved,Spearstown,2023,1,20
100465,3797,2023-01-20,Mobile Payment,Netflix,Entertainment,2658.74,Credit Card,Approved,New John,2023,1,20
100466,1279,2023-01-20,POS,Walmart,Clothing,874.34,UPI,Approved,Torreschester,2023,1,20
100467,3130,2023-01-20,POS,Uber,Groceries,3313.05,Credit Card,Approved,Lindsaybury,2023,1,20
100468,3897,2023-01-20,ATM,BestBuy,Clothing,1950.85,PayPal,Approved,Hughesview,2023,1,20
100469,1551,2023-01-20,Mobile Payment,Uber,Clothing,2591.8,Debit Card,Approved,Reedton,2023,1,20
100470,1309,2023-01-20,POS,Amazon,Travel,3382.32,PayPal,Approved,Espinozamouth,2023,1,20
100471,3485,2023-01-20,Online,BestBuy,Travel,3019.56,UPI,Approved,West Aaronberg,2023,1,20
100472,3323,2023-01-20,Online,Amazon,Travel,925.94,Debit Card,Approved,Charlesview,2023,1,20
100473,3069,2023-01-20,ATM,Amazon,Entertainment,1531.26,UPI,Approved,Ginaburgh,2023,1,20
100474,3010,2023-01-20,Mobile Payment,Amazon,Travel,270.25,UPI,Approved,Denisehaven,2023,1,20
100475,3996,2023-01-20,Mobile Payment,Netflix,Electronics,82.1,PayPal,Approved,North Michael,2023,1,20
100476,3158,2023-01-20,POS,BestBuy,Travel,4566.66,Debit Card,Pending,East Ryanchester,2023,1,20
100477,4429,2023-01-20,Online,Target,Travel,4923.44,UPI,Approved,Shannonside,2023,1,20
100478,2722,2023-01-20,Online,Uber,Travel,233.47,UPI,Declined,West Rubenbury,2023,1,20
100479,2910,2023-01-20,Mobile Payment,Uber,Electronics,1252.43,Credit Card,Pending,West Gabrielleland,2023,1,20
100480,1318,2023-01-21,Online,Netflix,Clothing,2005.75,PayPal,Approved,Bennettberg,2023,1,21
100481,1969,2023-01-21,Online,Netflix,Dining,1389.09,Debit Card,Approved,Lake Sierraland,2023,1,21
100482,3558,2023-01-21,POS,Target,Clothing,4081.12,Debit Card,Approved,North Jeffreyfurt,2023,1,21
100483,1662,2023-01-21,Online,Apple Store,Travel,2113.15,PayPal,Approved,Jordanside,2023,1,21
100484,4541,2023-01-21,POS,Netflix,Groceries,1588.47,Credit Card,Approved,North Donna,2023,1,21
100485,3747,2023-01-21,POS,Amazon,Groceries,3997.09,Credit Card,Approved,Palmerside,2023,1,21
100486,2987,2023-01-21,Online,Target,Travel,3816.37,UPI,Approved,Barryview,2023,1,21
100487,2065,2023-01-21,ATM,Uber,Clothing,815.13,Credit Card,Declined,Joannafurt,2023,1,21
100488,2599,2023-01-21,Mobile Payment,Target,Entertainment,4381.3,PayPal,Approved,Johnsonchester,2023,1,21
100489,1597,2023-01-21,Online,Netflix,Electronics,2743.99,PayPal,Approved,Russoberg,2023,1,21
100490,1901,2023-01-21,POS,Apple Store,Entertainment,744.02,Credit Card,Declined,North Joshuafurt,2023,1,21
100491,1632,2023-01-21,Mobile Payment,Netflix,Dining,2581.46,Debit Card,Approved,Port Christophermouth,2023,1,21
100492,2164,2023-01-21,POS,Netflix,Groceries,1829.82,Debit Card,Approved,Taylormouth,2023,1,21
100493,2380,2023-01-21,Mobile Payment,Apple Store,Dining,4432.91,UPI,Approved,Lake Michael,2023,1,21
100494,1139,2023-01-21,Mobile Payment,Apple Store,Dining,2591.83,PayPal,Approved,Vaughnland,2023,1,21
100495,4002,2023-01-21,Mobile Payment,Target,Entertainment,3834.55,PayPal,Approved,Foxland,2023,1,21
100496,1207,2023-01-21,ATM,Walmart,Travel,3426.29,PayPal,Approved,West Calvin,2023,1,21
100497,3450,2023-01-21,POS,Walmart,Groceries,4301.92,PayPal,Approved,Port Lisa,2023,1,21
100498,3836,2023-01-21,Mobile Payment,Walmart,Dining,520.59,Credit Card,Declined,West Casey,2023,1,21
100499,2294,2023-01-21,Mobile Payment,Netflix,Clothing,1021.77,Debit Card,Approved,Robersonfurt,2023,1,21
100500,1009,2023-01-21,POS,Uber,Travel,3475.93,Credit Card,Approved,Danielsmouth,2023,1,21
100501,4648,2023-01-21,Online,Walmart,Entertainment,2038.99,Credit Card,Approved,Lake Kayla,2023,1,21
100502,1464,2023-01-21,Online,Apple Store,Clothing,2643.0,Debit Card,Approved,Hardyside,2023,1,21
100503,1659,2023-01-21,Online,Apple Store,Dining,4892.89,Credit Card,Approved,South Johnmouth,2023,1,21
100504,2735,2023-01-22,Mobile Payment,Apple Store,Electronics,251.04,UPI,Approved,South Williamview,2023,1,22
100505,1248,2023-01-22,Online,BestBuy,Entertainment,2676.11,Debit Card,Approved,Lauramouth,2023,1,22
100506,3838,2023-01-22,Online,Uber,Groceries,2535.01,UPI,Pending,Richardsland,2023,1,22
100507,1293,2023-01-22,Mobile Payment,Apple Store,Dining,1691.19,Debit Card,Pending,Sharonfort,2023,1,22
100508,4596,2023-01-22,Mobile Payment,Netflix,Entertainment,1985.53,Credit Card,Approved,West Larry,2023,1,22
100509,4188,2023-01-22,Mobile Payment,Amazon,Travel,2186.8,Credit Card,Approved,North Williammouth,2023,1,22
100510,4120,2023-01-22,Online,Target,Travel,3021.36,PayPal,Approved,Lake Alejandro,2023,1,22
100511,4694,2023-01-22,POS,Uber,Clothing,3280.63,UPI,Approved,East Meghantown,2023,1,22
100512,3759,2023-01-22,Mobile Payment,Target,Travel,4693.08,PayPal,Approved,Taylorchester,2023,1,22
100513,3949,2023-01-22,ATM,Uber,Travel,3997.13,UPI,Approved,West Deanna,2023,1,22
100514,2852,2023-01-22,Mobile Payment,Netflix,Entertainment,2100.28,PayPal,Approved,Port Miranda,2023,1,22
100515,3882,2023-01-22,ATM,BestBuy,Clothing,3174.91,Credit Card,Approved,East Rachaelfurt,2023,1,22
100516,4778,2023-01-22,ATM,Apple Store,Dining,4279.66,Credit Card,Approved,New Tamaratown,2023,1,22
100517,1656,2023-01-22,Mobile Payment,Amazon,Electronics,3934.96,PayPal,Approved,Brownstad,2023,1,22
100518,2780,2023-01-22,Online,Apple Store,Dining,534.92,Debit Card,Approved,New Mark,2023,1,22
100519,1296,2023-01-22,Mobile Payment,Uber,Electronics,1361.44,Credit Card,Approved,Reesehaven,2023,1,22
100520,3632,2023-01-22,ATM,Uber,Groceries,3033.65,Credit Card,Approved,West Anthony,2023,1,22
100521,1099,2023-01-22,ATM,Walmart,Entertainment,1300.94,Debit Card,Approved,Port Curtis,2023,1,22
100522,3828,2023-01-22,ATM,Target,Groceries,1541.77,PayPal,Approved,Joetown,2023,1,22
100523,4683,2023-01-22,POS,Apple Store,Clothing,2853.32,PayPal,Approved,Paulahaven,2023,1,22
100524,1962,2023-01-22,ATM,Target,Entertainment,1289.37,PayPal,Approved,South Paulaborough,2023,1,22
100525,3131,2023-01-22,Online,Target,Electronics,4056.92,UPI,Approved,Saraburgh,2023,1,22
100526,4547,2023-01-22,ATM,Uber,Electronics,601.59,Credit Card,Approved,Georgefort,2023,1,22
100527,1961,2023-01-22,Online,Amazon,Electronics,2303.57,Credit Card,Approved,Ginahaven,2023,1,22
100528,3517,2023-01-23,Mobile Payment,Walmart,Electronics,3409.47,Debit Card,Approved,South Lauren,2023,1,23
100529,2087,2023-01-23,ATM,Amazon,Entertainment,3511.75,PayPal,Approved,Woodsburgh,2023,1,23
100530,2806,2023-01-23,Online,Apple Store,Dining,2414.79,UPI,Declined,Tranhaven,2023,1,23
100531,3821,2023-01-23,Mobile Payment,Netflix,Clothing,1569.86,Debit Card,Approved,North Steve,2023,1,23
100532,1176,2023-01-23,ATM,BestBuy,Entertainment,1958.0,UPI,Approved,Hicksberg,2023,1,23
100533,1989,2023-01-23,ATM,Netflix,Entertainment,3961.72,Debit Card,Approved,Mitchellfort,2023,1,23
100534,4466,2023-01-23,POS,Uber,Clothing,1472.3,PayPal,Approved,South Kimberly,2023,1,23
100535,2174,2023-01-23,ATM,Apple Store,Entertainment,4810.31,PayPal,Approved,Port Brooke,2023,1,23
100536,3803,2023-01-23,Online,BestBuy,Travel,2563.33,UPI,Approved,South Amyport,2023,1,23
100537,4794,2023-01-23,Mobile Payment,Netflix,Clothing,3031.68,Debit Card,Declined,Bishopfurt,2023,1,23
100538,3228,2023-01-23,Online,Amazon,Dining,4946.89,Credit Card,Declined,Michelletown,2023,1,23
100539,4945,2023-01-23,Mobile Payment,Uber,Travel,3654.91,UPI,Approved,Martinezville,2023,1,23
100540,4458,2023-01-23,Mobile Payment,Apple Store,Electronics,4688.13,Debit Card,Approved,Meyerfort,2023,1,23
100541,2760,2023-01-23,Online,Netflix,Groceries,2201.15,Credit Card,Approved,Port Alisonhaven,2023,1,23
100542,3514,2023-01-23,Mobile Payment,Amazon,Clothing,247.79,PayPal,Approved,Port Marymouth,2023,1,23
100543,2714,2023-01-23,POS,Netflix,Travel,949.19,PayPal,Approved,Barrshire,2023,1,23
100544,1835,2023-01-23,ATM,Uber,Groceries,2028.88,Credit Card,Approved,South Jason,2023,1,23
100545,3094,2023-01-23,ATM,Walmart,Travel,918.96,Credit Card,Approved,Juliemouth,2023,1,23
100546,4322,2023-01-23,ATM,Amazon,Travel,4702.62,PayPal,Declined,East Amanda,2023,1,23
100547,3095,2023-01-23,Online,Uber,Dining,3929.1,PayPal,Approved,Sandersside,2023,1,23
100548,1512,2023-01-23,Mobile Payment,Target,Electronics,3828.56,Credit Card,Approved,East Kennethfurt,2023,1,23
100549,1366,2023-01-23,POS,Uber,Travel,4981.22,UPI,Approved,Georgeville,2023,1,23
100550,1137,2023-01-23,POS,Apple Store,Dining,3633.19,Credit Card,Approved,Johnsonborough,2023,1,23
100551,2094,2023-01-23,Mobile Payment,Apple Store,Entertainment,1778.26,Debit Card,Approved,New Spencerbury,2023,1,23
100552,3319,2023-01-24,Mobile Payment,Apple Store,Clothing,2134.26,Credit Card,Declined,East Suzannemouth,2023,1,24
100553,4331,2023-01-24,Online,BestBuy,Entertainment,3880.87,Debit Card,Approved,North Pamela,2023,1,24
100554,2970,2023-01-24,Online,Walmart,Electronics,2857.34,PayPal,Declined,Leefurt,2023,1,24
100555,2944,2023-01-24,Mobile Payment,Uber,Entertainment,2869.05,UPI,Declined,Millerhaven,2023,1,24
100556,3488,2023-01-24,Mobile Payment,Walmart,Groceries,4563.54,UPI,Approved,West James,2023,1,24
100557,3002,2023-01-24,ATM,BestBuy,Clothing,2496.45,PayPal,Approved,Port Jefferymouth,2023,1,24
100558,4893,2023-01-24,Online,Target,Groceries,3287.47,Debit Card,Approved,Wrightport,2023,1,24
100559,1371,2023-01-24,Mobile Payment,Amazon,Dining,4596.57,PayPal,Approved,Matthewston,2023,1,24
100560,4238,2023-01-24,POS,Netflix,Groceries,166.37,Debit Card,Approved,South Tiffanytown,2023,1,24
100561,2701,2023-01-24,Online,Walmart,Entertainment,4489.61,Debit Card,Approved,Lake Erin,2023,1,24
100562,1706,2023-01-24,Online,Uber,Travel,3508.98,Debit Card,Approved,North Nicole,2023,1,24
100563,3515,2023-01-24,POS,Target,Groceries,589.39,Debit Card,Approved,East Davidmouth,2023,1,24
100564,3344,2023-01-24,ATM,Netflix,Electronics,2908.91,Debit Card,Approved,West Joshuaberg,2023,1,24
100565,2625,2023-01-24,POS,Netflix,Dining,1443.85,UPI,Approved,Thomasmouth,2023,1,24
100566,3502,2023-01-24,Online,Target,Clothing,2905.03,Credit Card,Approved,Michaelmouth,2023,1,24
100567,4031,2023-01-24,POS,Apple Store,Clothing,2485.08,UPI,Approved,Nguyenshire,2023,1,24
100568,2518,2023-01-24,POS,Uber,Dining,2552.17,Credit Card,Approved,East Mariostad,2023,1,24
100569,4143,2023-01-24,Mobile Payment,Target,Groceries,2743.08,Debit Card,Approved,New Henryfort,2023,1,24
100570,4379,2023-01-24,Mobile Payment,BestBuy,Travel,3668.85,UPI,Approved,South Michelleshire,2023,1,24
100571,3294,2023-01-24,ATM,Netflix,Dining,3989.63,UPI,Declined,Lake Darylberg,2023,1,24
100572,3498,2023-01-24,ATM,Uber,Dining,390.6,Credit Card,Approved,South Crystal,2023,1,24
100573,2623,2023-01-24,Online,Target,Travel,1766.19,UPI,Approved,Wolftown,2023,1,24
100574,3448,2023-01-24,Mobile Payment,Amazon,Clothing,3057.59,Credit Card,Approved,Brownbury,2023,1,24
100575,2274,2023-01-24,POS,Uber,Clothing,3152.14,UPI,Approved,Port Samuelhaven,2023,1,24
100576,3620,2023-01-25,Online,Target,Electronics,3731.88,Credit Card,Approved,West Jeanetteborough,2023,1,25
100577,2771,2023-01-25,Mobile Payment,Netflix,Travel,1350.2,PayPal,Approved,East Jamesfurt,2023,1,25
100578,4739,2023-01-25,Mobile Payment,Apple Store,Groceries,1797.09,Credit Card,Declined,New Pamelaton,2023,1,25
100579,4206,2023-01-25,Mobile Payment,Netflix,Travel,169.11,PayPal,Approved,North Makaylamouth,2023,1,25
100580,3971,2023-01-25,Mobile Payment,Uber,Dining,1103.95,Credit Card,Approved,Harrisonton,2023,1,25
100581,1788,2023-01-25,POS,Walmart,Groceries,570.67,PayPal,Approved,West Kristinafurt,2023,1,25
100582,1110,2023-01-25,ATM,Apple Store,Entertainment,4464.24,Debit Card,Approved,Brownbury,2023,1,25
100583,1809,2023-01-25,Online,Netflix,Groceries,419.52,Credit Card,Approved,New Larry,2023,1,25
100584,3334,2023-01-25,Online,Amazon,Dining,4067.2,PayPal,Declined,Hahnborough,2023,1,25
100585,2407,2023-01-25,ATM,Netflix,Travel,3744.84,Debit Card,Approved,East Richardton,2023,1,25
100586,3669,2023-01-25,POS,Walmart,Electronics,1857.01,PayPal,Approved,New Jonathan,2023,1,25
100587,3395,2023-01-25,Mobile Payment,Apple Store,Entertainment,1859.53,UPI,Approved,East Shawn,2023,1,25
100588,4376,2023-01-25,Online,Walmart,Entertainment,3763.29,Debit Card,Approved,Lake Frank,2023,1,25
100589,2726,2023-01-25,Online,Uber,Groceries,1053.31,PayPal,Pending,Piercefort,2023,1,25
100590,1676,2023-01-25,Mobile Payment,Uber,Travel,2233.38,Debit Card,Approved,Brianville,2023,1,25
100591,4212,2023-01-25,Mobile Payment,Netflix,Entertainment,2377.41,Credit Card,Approved,Danielton,2023,1,25
100592,4712,2023-01-25,POS,Apple Store,Groceries,4946.97,Debit Card,Approved,Sarafurt,2023,1,25
100593,4722,2023-01-25,Online,BestBuy,Entertainment,1366.18,Credit Card,Declined,Cummingsfurt,2023,1,25
100594,3750,2023-01-25,ATM,Amazon,Clothing,2639.6,Credit Card,Approved,Rayview,2023,1,25
100595,4978,2023-01-25,Online,Apple Store,Entertainment,642.15,Credit Card,Approved,Cruzland,2023,1,25
100596,4626,2023-01-25,ATM,Walmart,Entertainment,3925.44,Credit Card,Approved,Lake Alexander,2023,1,25
100597,1952,2023-01-25,Mobile Payment,Target,Groceries,394.55,PayPal,Approved,Lake Mary,2023,1,25
100598,2328,2023-01-25,Mobile Payment,BestBuy,Entertainment,1468.11,PayPal,Approved,North Aaron,2023,1,25
100599,2187,2023-01-25,Online,Uber,Dining,3638.51,UPI,Approved,Angelaborough,2023,1,25
100600,2764,2023-01-26,ATM,Apple Store,Travel,321.58,Credit Card,Approved,Mooreside,2023,1,26
100601,3357,2023-01-26,POS,BestBuy,Dining,4987.05,Debit Card,Approved,Parrishhaven,2023,1,26
100602,4179,2023-01-26,ATM,Walmart,Clothing,3582.25,Debit Card,Approved,Bobbyburgh,2023,1,26
100603,4209,2023-01-26,POS,BestBuy,Dining,4483.28,Debit Card,Approved,Cowanchester,2023,1,26
100604,1520,2023-01-26,ATM,Apple Store,Electronics,1837.84,Debit Card,Approved,East Dannystad,2023,1,26
100605,3150,2023-01-26,ATM,Apple Store,Entertainment,4983.87,Credit Card,Approved,New Josephview,2023,1,26
100606,3159,2023-01-26,POS,Apple Store,Groceries,3840.96,Debit Card,Approved,Clarkefort,2023,1,26
100607,3882,2023-01-26,POS,Amazon,Entertainment,2960.66,Debit Card,Approved,Lake Jamesmouth,2023,1,26
100608,4024,2023-01-26,ATM,Netflix,Entertainment,919.23,Debit Card,Approved,Lake Anthonytown,2023,1,26
100609,3890,2023-01-26,Online,Uber,Travel,2240.93,Debit Card,Approved,South Tanya,2023,1,26
100610,4966,2023-01-26,Mobile Payment,Netflix,Groceries,4633.14,Credit Card,Approved,Lewisport,2023,1,26
100611,3855,2023-01-26,ATM,BestBuy,Entertainment,1200.87,UPI,Approved,Jennifertown,2023,1,26
100612,2822,2023-01-26,Online,Apple Store,Groceries,3428.2,Debit Card,Approved,West Brianmouth,2023,1,26
100613,4470,2023-01-26,Online,Amazon,Entertainment,1653.93,Debit Card,Approved,Sherrytown,2023,1,26
100614,2018,2023-01-26,POS,Walmart,Electronics,3761.02,Debit Card,Approved,East Ericmouth,2023,1,26
100615,1033,2023-01-26,POS,Apple Store,Dining,4625.21,Debit Card,Pending,Maryberg,2023,1,26
100616,4672,2023-01-26,POS,Target,Travel,3480.85,UPI,Approved,Knightbury,2023,1,26
100617,2128,2023-01-26,Online,Netflix,Dining,435.85,Debit Card,Approved,Watsonland,2023,1,26
100618,3662,2023-01-26,Online,Walmart,Groceries,684.53,Debit Card,Approved,East Charlesmouth,2023,1,26
100619,1988,2023-01-26,Online,Apple Store,Groceries,3572.72,PayPal,Declined,Christineton,2023,1,26
100620,2996,2023-01-26,Mobile Payment,Netflix,Clothing,3764.04,Debit Card,Approved,Davidtown,2023,1,26
100621,3610,2023-01-26,POS,Target,Electronics,886.98,UPI,Approved,Olsenport,2023,1,26
100622,1927,2023-01-26,POS,Uber,Entertainment,4802.45,Credit Card,Approved,Brianashire,2023,1,26
100623,3868,2023-01-26,ATM,Netflix,Dining,2780.86,UPI,Approved,Hamiltonchester,2023,1,26
100624,2816,2023-01-27,POS,Uber,Travel,724.3,Debit Card,Approved,Mckinneychester,2023,1,27
100625,4311,2023-01-27,Mobile Payment,Walmart,Entertainment,1473.15,PayPal,Approved,Christophermouth,2023,1,27
100626,4601,2023-01-27,ATM,Walmart,Clothing,181.27,UPI,Approved,Walshland,2023,1,27
100627,2958,2023-01-27,Mobile Payment,Uber,Dining,3913.68,Debit Card,Approved,North Kevinfort,2023,1,27
100628,2701,2023-01-27,Mobile Payment,Netflix,Dining,4615.55,Debit Card,Approved,Nicoleview,2023,1,27
100629,2931,2023-01-27,ATM,Uber,Clothing,4855.32,Credit Card,Approved,North Brandon,2023,1,27
100630,3295,2023-01-27,POS,Apple Store,Electronics,4780.3,PayPal,Approved,New Theresaborough,2023,1,27
100631,3324,2023-01-27,Mobile Payment,Uber,Dining,1366.74,PayPal,Approved,Victoriaside,2023,1,27
100632,2213,2023-01-27,POS,Amazon,Clothing,4692.73,PayPal,Declined,New Luisside,2023,1,27
100633,1451,2023-01-27,POS,Target,Dining,3801.6,PayPal,Approved,Port Jerrymouth,2023,1,27
100634,1203,2023-01-27,ATM,Walmart,Electronics,152.45,UPI,Approved,South Matthew,2023,1,27
100635,2322,2023-01-27,ATM,Amazon,Clothing,2345.59,PayPal,Approved,Lake Jean,2023,1,27
100636,4848,2023-01-27,Online,Walmart,Travel,2531.03,PayPal,Approved,Flowersfurt,2023,1,27
100637,4929,2023-01-27,Mobile Payment,Uber,Entertainment,732.9,Debit Card,Approved,Carolynmouth,2023,1,27
100638,1752,2023-01-27,ATM,BestBuy,Travel,1128.93,UPI,Approved,Davidmouth,2023,1,27
100639,2312,2023-01-27,Mobile Payment,Amazon,Travel,2957.16,PayPal,Approved,New Angelabury,2023,1,27
100640,3558,2023-01-27,Mobile Payment,Uber,Electronics,3184.1,Debit Card,Approved,South Michael,2023,1,27
100641,2259,2023-01-27,ATM,Uber,Electronics,4268.32,Credit Card,Approved,Jenniferfort,2023,1,27
100642,2829,2023-01-27,Mobile Payment,Amazon,Entertainment,77.29,Credit Card,Declined,Daltonstad,2023,1,27
100643,4678,2023-01-27,Online,Uber,Entertainment,459.42,Debit Card,Approved,Port Destiny,2023,1,27
100644,2169,2023-01-27,Mobile Payment,Walmart,Travel,1274.42,PayPal,Approved,Duaneberg,2023,1,27
100645,1563,2023-01-27,POS,Amazon,Electronics,125.06,UPI,Approved,New Ryan,2023,1,27
100646,3073,2023-01-27,Mobile Payment,Amazon,Clothing,4863.28,UPI,Declined,Sullivanview,2023,1,27
100647,2314,2023-01-27,POS,Walmart,Entertainment,2277.82,Credit Card,Approved,New Amberland,2023,1,27
100648,4698,2023-01-28,Mobile Payment,Apple Store,Entertainment,569.95,Debit Card,Approved,New Melissa,2023,1,28
100649,2922,2023-01-28,Mobile Payment,Amazon,Dining,4441.69,Debit Card,Declined,Smithfurt,2023,1,28
100650,4788,2023-01-28,POS,Target,Entertainment,3010.3,PayPal,Approved,Kleinberg,2023,1,28
100651,2833,2023-01-28,Mobile Payment,Amazon,Travel,4228.53,UPI,Approved,Wilsonfort,2023,1,28
100652,3328,2023-01-28,ATM,Walmart,Electronics,345.18,Debit Card,Pending,Ericside,2023,1,28
100653,3003,2023-01-28,Online,Walmart,Clothing,3674.36,UPI,Approved,Davistown,2023,1,28
100654,1508,2023-01-28,Online,Netflix,Dining,3623.88,UPI,Approved,Port Brandonside,2023,1,28
100655,2043,2023-01-28,Online,Amazon,Groceries,941.49,PayPal,Approved,North Tammyland,2023,1,28
100656,4858,2023-01-28,ATM,Amazon,Travel,3275.33,Credit Card,Approved,Lake Sandrachester,2023,1,28
100657,2897,2023-01-28,POS,Target,Travel,4299.67,UPI,Pending,West Kevin,2023,1,28
100658,2412,2023-01-28,Mobile Payment,Amazon,Dining,1624.69,Debit Card,Approved,Emilyberg,2023,1,28
100659,2262,2023-01-28,Online,Amazon,Clothing,4442.83,PayPal,Approved,East Mark,2023,1,28
100660,1232,2023-01-28,Online,Walmart,Electronics,3556.55,PayPal,Approved,South Gabriellehaven,2023,1,28
100661,1455,2023-01-28,Mobile Payment,Walmart,Entertainment,4686.09,Debit Card,Approved,Parrishstad,2023,1,28
100662,3563,2023-01-28,Mobile Payment,Amazon,Travel,4956.99,UPI,Approved,New Matthew,2023,1,28
100663,3396,2023-01-28,Online,Apple Store,Entertainment,1270.43,PayPal,Approved,South Tara,2023,1,28
100664,2389,2023-01-28,Mobile Payment,BestBuy,Groceries,4090.83,Credit Card,Pending,Lake Matthewburgh,2023,1,28
100665,3309,2023-01-28,POS,Target,Travel,4251.18,PayPal,Approved,Coopertown,2023,1,28
100666,3929,2023-01-28,ATM,Target,Travel,3284.04,Credit Card,Approved,Campbellbury,2023,1,28
100667,1397,2023-01-28,POS,Target,Groceries,4102.6,PayPal,Approved,Morrisstad,2023,1,28
100668,4301,2023-01-28,POS,Netflix,Travel,2266.47,Debit Card,Approved,Hernandezport,2023,1,28
100669,1017,2023-01-28,ATM,BestBuy,Travel,3905.26,Debit Card,Approved,Mikaylaview,2023,1,28
100670,4660,2023-01-28,Online,Walmart,Entertainment,1402.35,Debit Card,Approved,Greeneville,2023,1,28
100671,1302,2023-01-28,POS,Uber,Entertainment,4494.57,UPI,Approved,Lake Joseph,2023,1,28
100672,1652,2023-01-29,POS,Amazon,Groceries,2628.52,Credit Card,Approved,Brittneyville,2023,1,29
100673,2583,2023-01-29,Mobile Payment,Netflix,Travel,4517.14,PayPal,Approved,Port Wendymouth,2023,1,29
100674,1102,2023-01-29,Online,Amazon,Dining,3222.69,PayPal,Approved,Ramosville,2023,1,29
100675,4825,2023-01-29,POS,Walmart,Clothing,1874.97,Credit Card,Approved,Jennifermouth,2023,1,29
100676,3832,2023-01-29,Online,Uber,Electronics,509.27,Debit Card,Declined,Amandaborough,2023,1,29
100677,2858,2023-01-29,ATM,Walmart,Travel,2208.57,PayPal,Approved,New David,2023,1,29
100678,4247,2023-01-29,Online,Netflix,Travel,4504.49,Credit Card,Approved,Muellermouth,2023,1,29
100679,1198,2023-01-29,ATM,Amazon,Dining,3381.36,Debit Card,Approved,New Victoriafurt,2023,1,29
100680,1343,2023-01-29,ATM,Target,Clothing,1653.27,PayPal,Approved,South Michael,2023,1,29
100681,3651,2023-01-29,ATM,Uber,Entertainment,3976.71,UPI,Approved,Vanessafurt,2023,1,29
100682,2856,2023-01-29,ATM,Uber,Groceries,4511.61,Credit Card,Approved,South Jacqueline,2023,1,29
100683,3930,2023-01-29,Online,Netflix,Entertainment,2319.94,Debit Card,Declined,Curtishaven,2023,1,29
100684,2046,2023-01-29,POS,Apple Store,Clothing,4331.0,PayPal,Approved,Port Jeffery,2023,1,29
100685,3904,2023-01-29,Mobile Payment,Walmart,Dining,692.57,PayPal,Approved,Jonathanside,2023,1,29
100686,3137,2023-01-29,Mobile Payment,Netflix,Electronics,3648.36,Credit Card,Approved,Lake James,2023,1,29
100687,4927,2023-01-29,Mobile Payment,Walmart,Clothing,3844.1,Credit Card,Approved,North Martinstad,2023,1,29
100688,3578,2023-01-29,Online,Uber,Dining,187.18,Credit Card,Approved,New Rodney,2023,1,29
100689,1990,2023-01-29,Mobile Payment,Uber,Groceries,601.54,Debit Card,Approved,Michellechester,2023,1,29
100690,4815,2023-01-29,Online,Apple Store,Dining,459.92,UPI,Approved,East Annville,2023,1,29
100691,4291,2023-01-29,Online,Apple Store,Dining,956.69,UPI,Approved,Perezside,2023,1,29
100692,3471,2023-01-29,Mobile Payment,Apple Store,Electronics,1296.81,PayPal,Approved,South Jennifer,2023,1,29
100693,2779,2023-01-29,ATM,Apple Store,Entertainment,1501.7,UPI,Approved,Christinestad,2023,1,29
100694,2040,2023-01-29,Mobile Payment,BestBuy,Travel,3889.21,UPI,Approved,West William,2023,1,29
100695,4603,2023-01-29,ATM,Amazon,Entertainment,186.09,Credit Card,Approved,Lake Christineville,2023,1,29
100696,2459,2023-01-30,POS,BestBuy,Clothing,2427.63,Credit Card,Approved,Lake Jeffreyland,2023,1,30
100697,1430,2023-01-30,ATM,Apple Store,Groceries,1767.12,UPI,Approved,Danielport,2023,1,30
100698,3830,2023-01-30,Online,Uber,Travel,3210.79,UPI,Approved,South Jameston,2023,1,30
100699,4388,2023-01-30,ATM,BestBuy,Electronics,3948.07,PayPal,Declined,Campbellbury,2023,1,30
100700,4193,2023-01-30,POS,Walmart,Entertainment,2324.75,PayPal,Approved,East Kathleenhaven,2023,1,30
100701,1767,2023-01-30,POS,Netflix,Dining,4742.71,PayPal,Approved,Chavezchester,2023,1,30
100702,1170,2023-01-30,POS,BestBuy,Travel,1083.63,PayPal,Approved,North Jeffreystad,2023,1,30
100703,4627,2023-01-30,Online,Uber,Clothing,1471.43,Credit Card,Approved,Angelafort,2023,1,30
100704,3229,2023-01-30,POS,Walmart,Entertainment,4723.52,Debit Card,Approved,Port Sherry,2023,1,30
100705,3967,2023-01-30,POS,Walmart,Groceries,2354.3,UPI,Approved,Thompsonport,2023,1,30
100706,2275,2023-01-30,Mobile Payment,Walmart,Travel,1123.02,Debit Card,Declined,Richardberg,2023,1,30
100707,1214,2023-01-30,ATM,Target,Travel,3667.24,Debit Card,Approved,Lake Jenniferfurt,2023,1,30
100708,1902,2023-01-30,ATM,Netflix,Clothing,1019.28,PayPal,Approved,North Paulashire,2023,1,30
100709,2441,2023-01-30,Online,Amazon,Travel,651.33,Credit Card,Pending,Michaelland,2023,1,30
100710,2919,2023-01-30,POS,Uber,Clothing,82.69,PayPal,Declined,Tuckerborough,2023,1,30
100711,4841,2023-01-30,Mobile Payment,Target,Entertainment,4526.68,UPI,Approved,Maxwellport,2023,1,30
100712,4024,2023-01-30,ATM,BestBuy,Electronics,4939.55,Debit Card,Approved,Lake Kristina,2023,1,30
100713,1390,2023-01-30,ATM,Amazon,Groceries,3260.46,PayPal,Approved,New Randy,2023,1,30
100714,3607,2023-01-30,Mobile Payment,Walmart,Groceries,3986.55,Credit Card,Approved,South Michellemouth,2023,1,30
100715,3080,2023-01-30,Online,Walmart,Groceries,3400.26,PayPal,Approved,Davisstad,2023,1,30
100716,3973,2023-01-30,Online,Amazon,Groceries,2667.66,Debit Card,Approved,Bonillaburgh,2023,1,30
100717,3694,2023-01-30,Online,Walmart,Electronics,2048.29,PayPal,Approved,Port Timothyville,2023,1,30
100718,1993,2023-01-30,POS,Amazon,Dining,1899.82,Debit Card,Declined,Lake Nataliefort,2023,1,30
100719,3910,2023-01-30,Mobile Payment,BestBuy,Entertainment,1060.4,UPI,Approved,Lake Timothy,2023,1,30
100720,4664,2023-01-31,POS,BestBuy,Electronics,2346.78,UPI,Declined,West Crystalside,2023,1,31
100721,1439,2023-01-31,ATM,Walmart,Groceries,2777.32,Debit Card,Approved,Gainesville,2023,1,31
100722,3005,2023-01-31,ATM,Uber,Electronics,3910.5,PayPal,Approved,Thomasmouth,2023,1,31
100723,4050,2023-01-31,Online,Netflix,Clothing,2342.4,Debit Card,Declined,Port Sharonville,2023,1,31
100724,2281,2023-01-31,ATM,Uber,Dining,2969.4,PayPal,Approved,Cooperburgh,2023,1,31
100725,2552,2023-01-31,Mobile Payment,Walmart,Electronics,1684.43,UPI,Approved,Jameshaven,2023,1,31
100726,4426,2023-01-31,Online,Walmart,Electronics,2344.89,UPI,Approved,Leonport,2023,1,31
100727,3111,2023-01-31,POS,Walmart,Entertainment,274.53,Debit Card,Approved,Ramosbury,2023,1,31
100728,3998,2023-01-31,POS,BestBuy,Electronics,2889.46,UPI,Approved,New Kennethport,2023,1,31
100729,3354,2023-01-31,Mobile Payment,Netflix,Dining,99.7,Debit Card,Approved,Lake Allisonberg,2023,1,31
100730,4297,2023-01-31,POS,Netflix,Travel,1352.54,UPI,Approved,Jamesville,2023,1,31
100731,4226,2023-01-31,Mobile Payment,Target,Groceries,3319.53,PayPal,Approved,South Chelsea,2023,1,31
100732,1378,2023-01-31,POS,BestBuy,Dining,2622.89,UPI,Pending,Wesleybury,2023,1,31
100733,4614,2023-01-31,POS,Walmart,Groceries,353.86,UPI,Approved,Hamiltonmouth,2023,1,31
100734,1234,2023-01-31,ATM,Apple Store,Electronics,4832.38,UPI,Approved,East Lisa,2023,1,31
100735,1697,2023-01-31,Mobile Payment,BestBuy,Groceries,4867.12,Credit Card,Declined,East Christinaport,2023,1,31
100736,1955,2023-01-31,ATM,Target,Entertainment,3114.79,Debit Card,Approved,Joshuaside,2023,1,31
100737,2357,2023-01-31,Mobile Payment,Uber,Dining,3023.13,Credit Card,Approved,East Maryfort,2023,1,31
100738,4779,2023-01-31,Mobile Payment,Target,Travel,3129.37,Credit Card,Approved,Jameston,2023,1,31
100739,3898,2023-01-31,POS,BestBuy,Groceries,2579.83,PayPal,Approved,East Amanda,2023,1,31
100740,2457,2023-01-31,Mobile Payment,Uber,Electronics,399.85,PayPal,Approved,Grossfurt,2023,1,31
100741,2107,2023-01-31,Mobile Payment,BestBuy,Clothing,1455.49,Debit Card,Pending,Port Charles,2023,1,31
100742,2678,2023-01-31,POS,Walmart,Groceries,781.63,UPI,Approved,Heathertown,2023,1,31
100743,4586,2023-01-31,ATM,Apple Store,Clothing,1697.28,UPI,Approved,East Nathan,2023,1,31
